시도명,시군구,2020년,,,,,,,,,,,,,2021년,,,,,,,,,,,,,2022년,,,,,,,,,,,,,2023년,,,,,,,,
,,전체,1월('20.1.20.~),2월,3월,4월,5월,6월,7월,8월,9월,10월,11월,12월,전체,1월,2월,3월,4월,5월,6월,7월,8월,9월,10월,11월,12월,전체,1월,2월,3월,4월,5월,6월,7월,8월,9월,10월,11월,12월,전체,1월,2월,3월,4월,5월,6월,7월,8월 (~'23.8.31.)
서울,합계," 18,992 ", 7 , 67 , 376 , 183 , 228 , 451 , 288 ," 2,268 "," 1,425 ", 718 ," 2,800 "," 10,181 "," 206,110 "," 5,159 "," 4,079 "," 3,794 "," 5,807 "," 6,077 "," 6,072 "," 14,363 "," 14,999 "," 21,127 "," 19,095 "," 34,661 "," 70,877 "," 5,436,498 "," 51,989 "," 498,495 "," 1,982,680 "," 722,213 "," 135,163 "," 49,091 "," 311,555 "," 583,045 "," 269,968 "," 159,698 "," 306,495 "," 366,106 "," 1,089,623 "," 201,310 "," 59,929 "," 64,597 "," 89,266 "," 127,315 "," 109,613 "," 184,166 "," 253,427 "
서울,강남구," 1,112 ", - , 6 , 32 , 27 , 18 , 15 , 18 , 95 , 109 , 78 , 186 , 528 ," 13,692 ", 246 , 137 , 288 , 624 , 642 , 898 ," 1,443 "," 1,283 "," 1,445 "," 1,042 "," 1,594 "," 4,050 "," 370,766 "," 4,185 "," 32,973 "," 126,795 "," 49,102 "," 10,770 "," 4,652 "," 25,285 "," 39,413 "," 16,790 "," 11,110 "," 21,915 "," 27,776 "," 81,130 "," 13,950 "," 4,678 "," 5,336 "," 6,827 "," 9,922 "," 8,224 "," 13,672 "," 18,521 "
서울,강동구, 613 , - , 3 , 4 , 4 , 11 , 10 , 18 , 98 , 58 , 20 , 69 , 318 ," 8,973 ", 203 , 182 , 249 , 265 , 342 , 277 , 520 , 468 , 849 , 978 ," 1,599 "," 3,041 "," 260,837 "," 2,307 "," 26,294 "," 92,226 "," 34,974 "," 6,185 "," 1,970 "," 14,426 "," 28,194 "," 13,296 "," 7,893 "," 15,181 "," 17,891 "," 51,691 "," 9,499 "," 2,958 "," 3,246 "," 4,083 "," 5,710 "," 4,877 "," 8,763 "," 12,555 "
서울,강북구, 394 , - , - , 5 , - , 7 , 6 , 5 , 81 , 33 , 13 , 35 , 209 ," 6,425 ", 181 , 116 , 117 , 131 , 245 , 162 , 342 , 322 , 565 , 653 ," 1,121 "," 2,470 "," 154,069 "," 1,201 "," 15,298 "," 59,871 "," 20,391 "," 3,163 ", 953 ," 6,907 "," 16,392 "," 7,924 "," 4,272 "," 8,707 "," 8,990 "," 28,700 "," 5,339 "," 1,631 "," 1,575 "," 2,215 "," 3,419 "," 2,888 "," 5,137 "," 6,496 "
서울,강서구," 1,341 ", - , 1 , 18 , 5 , 18 , 30 , 24 , 94 , 65 , 25 , 322 , 739 ," 9,483 ", 226 , 105 , 120 , 221 , 173 , 218 , 585 , 718 , 930 , 764 ," 1,780 "," 3,643 "," 313,326 "," 2,429 "," 28,885 "," 110,660 "," 42,697 "," 7,487 "," 2,897 "," 18,048 "," 33,685 "," 15,832 "," 9,968 "," 17,709 "," 23,029 "," 65,241 "," 12,879 "," 3,653 "," 3,746 "," 4,984 "," 7,279 "," 6,510 "," 10,533 "," 15,657 "
서울,관악구, 975 , - , 2 , 24 , 13 , 14 , 53 , 31 , 103 , 141 , 78 , 63 , 453 ," 9,559 ", 161 , 169 , 134 , 287 , 208 , 255 ," 1,025 ", 938 , 956 , 723 ," 1,558 "," 3,145 "," 252,078 "," 2,825 "," 21,699 "," 90,304 "," 34,257 "," 6,140 "," 2,167 "," 15,355 "," 28,682 "," 13,408 "," 7,267 "," 13,367 "," 16,607 "," 51,005 "," 9,358 "," 2,701 "," 2,793 "," 4,453 "," 5,851 "," 4,876 "," 8,989 "," 11,984 "
서울,광진구, 458 , - , - , 7 , 3 , 6 , 4 , 5 , 77 , 43 , 12 , 47 , 254 ," 7,031 ", 149 , 158 , 265 , 255 , 229 , 237 , 484 , 573 , 928 , 552 ," 1,037 "," 2,164 "," 193,320 "," 2,111 "," 19,315 "," 72,191 "," 24,670 "," 4,793 "," 1,693 "," 11,068 "," 20,355 "," 9,654 "," 5,349 "," 10,298 "," 11,823 "," 36,176 "," 6,684 "," 2,083 "," 2,185 "," 3,127 "," 4,171 "," 3,442 "," 6,001 "," 8,483 "
서울,구로구, 742 , - , - , 53 , 5 , 6 , 41 , 6 , 46 , 36 , 23 , 63 , 463 ," 10,583 ", 223 , 259 , 125 , 140 , 183 , 168 , 596 , 683 ," 1,588 "," 1,652 "," 1,948 "," 3,018 "," 235,649 "," 2,055 "," 20,305 "," 87,693 "," 33,376 "," 5,527 "," 1,619 "," 11,785 "," 25,581 "," 12,860 "," 6,574 "," 12,575 "," 15,699 "," 45,388 "," 8,861 "," 2,334 "," 2,473 "," 3,302 "," 5,260 "," 4,689 "," 7,548 "," 10,921 "
서울,금천구, 335 , - , - , 9 , - , 4 , 19 , 6 , 47 , 34 , 9 , 24 , 183 ," 5,811 ", 78 , 65 , 25 , 80 , 143 , 88 , 333 , 417 , 608 , 692 ," 1,189 "," 2,093 "," 138,537 "," 1,179 "," 11,353 "," 54,058 "," 18,618 "," 3,103 ", 999 ," 6,232 "," 15,042 "," 7,245 "," 3,724 "," 7,532 "," 9,452 "," 27,093 "," 5,300 "," 1,622 "," 1,335 "," 2,114 "," 3,274 "," 2,544 "," 4,488 "," 6,416 "
서울,노원구, 780 , - , 4 , 15 , 3 , 8 , 13 , 5 , 172 , 74 , 31 , 145 , 310 ," 8,239 ", 218 , 177 , 193 , 230 , 324 , 214 , 506 , 408 , 645 , 811 ," 1,433 "," 3,080 "," 267,026 "," 2,287 "," 22,411 "," 94,419 "," 36,657 "," 7,069 "," 2,398 "," 15,303 "," 30,087 "," 14,352 "," 8,280 "," 16,384 "," 17,379 "," 51,819 "," 9,646 "," 2,862 "," 3,022 "," 4,580 "," 6,062 "," 5,249 "," 8,359 "," 12,039 "
서울,도봉구, 616 , - , - , 6 , 3 , 9 , 43 , 3 , 61 , 113 , 55 , 82 , 241 ," 6,055 ", 171 , 129 , 104 , 198 , 218 , 95 , 371 , 236 , 507 , 559 ," 1,029 "," 2,438 "," 160,509 "," 1,410 "," 17,135 "," 62,794 "," 20,765 "," 3,483 ", 910 ," 7,773 "," 16,196 "," 7,808 "," 4,750 "," 8,357 "," 9,128 "," 28,520 "," 5,073 "," 1,340 "," 1,621 "," 2,333 "," 3,242 "," 3,136 "," 4,960 "," 6,815 "
서울,동대문구, 779 , - , - , 29 , 5 , 3 , 7 , 10 , 98 , 42 , 30 , 123 , 432 ," 10,069 ", 253 , 204 , 152 , 286 , 250 , 194 , 393 , 464 , 998 ," 1,094 "," 1,872 "," 3,909 "," 185,533 "," 2,089 "," 18,482 "," 73,594 "," 23,791 "," 4,300 "," 1,320 "," 9,098 "," 17,971 "," 8,923 "," 5,251 "," 9,770 "," 10,944 "," 34,835 "," 6,399 "," 2,105 "," 2,138 "," 3,032 "," 4,176 "," 3,614 "," 5,868 "," 7,503 "
서울,동작구, 825 , - , 2 , 21 , 13 , 9 , 15 , 16 , 100 , 68 , 35 , 123 , 423 ," 8,157 ", 217 , 156 , 175 , 287 , 252 , 229 , 730 , 645 , 729 , 640 ," 1,440 "," 2,657 "," 201,024 "," 2,056 "," 19,460 "," 74,752 "," 25,931 "," 4,977 "," 1,888 "," 11,305 "," 21,282 "," 10,033 "," 5,826 "," 10,367 "," 13,147 "," 38,869 "," 7,261 "," 2,163 "," 2,399 "," 2,897 "," 4,443 "," 3,954 "," 6,718 "," 9,034 "
서울,마포구, 635 , 1 , 2 , 11 , 7 , 4 , 9 , 13 , 55 , 27 , 23 , 94 , 389 ," 6,142 ", 144 , 103 , 97 , 164 , 166 , 208 , 578 , 712 , 689 , 546 , 801 ," 1,934 "," 221,338 "," 2,013 "," 19,273 "," 74,925 "," 29,719 "," 5,942 "," 2,426 "," 14,895 "," 24,890 "," 10,776 "," 6,921 "," 13,169 "," 16,389 "," 48,715 "," 8,951 "," 2,500 "," 2,920 "," 3,937 "," 5,736 "," 5,249 "," 8,174 "," 11,248 "
서울,서대문구, 569 , - , 1 , 18 , 5 , 10 , 10 , 7 , 59 , 57 , 14 , 133 , 255 ," 5,635 ", 167 , 102 , 58 , 94 , 173 , 159 , 363 , 492 , 567 , 434 , 964 ," 2,062 "," 167,685 "," 1,619 "," 13,738 "," 62,510 "," 21,522 "," 4,331 "," 1,475 "," 9,935 "," 18,424 "," 8,324 "," 5,002 "," 9,807 "," 10,998 "," 31,965 "," 6,216 "," 1,783 "," 1,790 "," 2,758 "," 3,697 "," 3,317 "," 5,253 "," 7,151 "
서울,서초구, 933 , - , 2 , 20 , 14 , 4 , 12 , 7 , 77 , 56 , 49 , 255 , 437 ," 10,197 ", 213 , 160 , 185 , 387 , 313 , 390 , 926 , 991 , 986 , 787 ," 1,520 "," 3,339 "," 251,669 "," 2,956 "," 26,058 "," 86,415 "," 33,290 "," 6,834 "," 2,821 "," 16,750 "," 26,515 "," 11,956 "," 6,927 "," 14,018 "," 17,129 "," 49,210 "," 9,498 "," 2,773 "," 3,288 "," 4,111 "," 5,726 "," 4,713 "," 8,247 "," 10,854 "
서울,성동구, 500 , - , 3 , 4 , 13 , 22 , 9 , 7 , 36 , 29 , 16 , 106 , 255 ," 5,451 ", 188 , 159 , 132 , 172 , 158 , 203 , 479 , 343 , 540 , 448 , 791 ," 1,838 "," 168,233 "," 1,545 "," 15,300 "," 63,453 "," 21,706 "," 4,216 "," 1,696 "," 9,252 "," 17,793 "," 7,592 "," 4,922 "," 9,709 "," 11,049 "," 33,373 "," 6,354 "," 1,754 "," 1,975 "," 2,848 "," 4,001 "," 3,111 "," 5,584 "," 7,746 "
서울,성북구, 718 , 1 , - , 10 , 8 , 6 , 7 , 6 , 189 , 46 , 10 , 89 , 346 ," 8,423 ", 189 , 231 , 137 , 199 , 257 , 239 , 486 , 505 , 739 , 836 ," 1,653 "," 2,952 "," 216,777 "," 1,992 "," 19,821 "," 80,170 "," 29,093 "," 5,304 "," 2,212 "," 11,417 "," 22,719 "," 11,032 "," 6,411 "," 12,963 "," 13,643 "," 39,999 "," 7,159 "," 2,329 "," 2,631 "," 3,380 "," 4,680 "," 4,196 "," 6,690 "," 8,934 "
서울,송파구," 1,923 ", - , 10 , 14 , 16 , 9 , 6 , 43 , 150 , 81 , 62 , 215 ," 1,317 "," 13,423 ", 617 , 227 , 206 , 372 , 403 , 388 , 805 , 904 ," 1,777 "," 1,099 "," 2,078 "," 4,547 "," 385,682 "," 3,555 "," 36,135 "," 139,658 "," 49,975 "," 9,493 "," 3,787 "," 23,435 "," 41,281 "," 18,429 "," 11,397 "," 21,567 "," 26,970 "," 76,813 "," 14,585 "," 4,448 "," 4,753 "," 6,032 "," 9,230 "," 7,574 "," 12,855 "," 17,336 "
서울,양천구, 751 , - , 1 , 15 , 4 , 4 , 51 , 1 , 81 , 37 , 15 , 110 , 432 ," 7,306 ", 226 , 121 , 113 , 165 , 158 , 159 , 392 , 548 , 639 , 492 ," 1,384 "," 2,909 "," 245,201 "," 2,213 "," 22,504 "," 88,429 "," 33,766 "," 6,399 "," 1,851 "," 13,110 "," 26,719 "," 12,764 "," 7,185 "," 13,745 "," 16,516 "," 45,029 "," 8,945 "," 2,387 "," 2,623 "," 3,554 "," 5,007 "," 4,355 "," 7,293 "," 10,865 "
서울,영등포구, 839 , - , 1 , 16 , 6 , 13 , 36 , 11 , 108 , 83 , 31 , 109 , 425 ," 10,753 ", 218 , 175 , 130 , 214 , 269 , 312 , 740 , 852 ," 1,002 "," 1,099 "," 2,233 "," 3,509 "," 249,860 "," 2,270 "," 20,307 "," 91,694 "," 34,480 "," 5,988 "," 2,245 "," 14,069 "," 27,131 "," 12,375 "," 7,118 "," 14,043 "," 18,140 "," 54,204 "," 9,697 "," 2,832 "," 2,863 "," 4,334 "," 6,514 "," 5,559 "," 9,213 "," 13,192 "
서울,용산구, 453 , - , - , 13 , 7 , 23 , 13 , 9 , 51 , 21 , 22 , 90 , 204 ," 5,007 ", 130 , 323 , 134 , 124 , 172 , 233 , 523 , 430 , 445 , 432 , 621 ," 1,440 "," 111,690 "," 1,347 "," 9,527 "," 38,877 "," 14,711 "," 3,132 "," 1,301 "," 7,767 "," 12,507 "," 5,242 "," 3,206 "," 6,477 "," 7,596 "," 22,718 "," 3,942 "," 1,179 "," 1,505 "," 1,893 "," 2,774 "," 2,393 "," 3,863 "," 5,169 "
서울,은평구, 781 , - , 12 , 13 , 6 , 7 , 17 , 8 , 118 , 65 , 16 , 85 , 434 ," 9,025 ", 209 , 168 , 223 , 338 , 219 , 212 , 569 , 722 , 911 , 713 ," 1,566 "," 3,175 "," 251,343 "," 1,802 "," 22,423 "," 91,825 "," 34,034 "," 6,235 "," 1,993 "," 14,252 "," 27,381 "," 12,951 "," 7,900 "," 14,038 "," 16,509 "," 52,636 "," 9,698 "," 2,830 "," 2,850 "," 4,184 "," 6,309 "," 5,434 "," 9,056 "," 12,275 "
서울,종로구, 574 , 3 , 9 , 3 , 5 , 4 , 6 , 8 , 54 , 45 , 12 , 75 , 350 ," 5,476 ", 165 , 69 , 94 , 104 , 107 , 142 , 320 , 302 , 476 , 679 , 978 ," 2,040 "," 112,225 "," 1,076 "," 9,730 "," 40,767 "," 14,236 "," 2,998 "," 1,216 "," 7,490 "," 11,582 "," 5,152 "," 3,303 "," 6,822 "," 7,853 "," 25,515 "," 4,090 "," 1,383 "," 1,565 "," 2,214 "," 2,918 "," 2,808 "," 4,748 "," 5,789 "
서울,중구, 546 , 1 , 7 , 4 , 7 , 6 , 8 , 11 , 75 , 18 , 16 , 78 , 315 ," 7,401 ", 160 , 223 , 158 , 132 , 192 , 214 , 441 , 511 , 935 , 750 ," 1,252 "," 2,433 "," 128,865 "," 1,643 "," 11,665 "," 49,890 "," 15,629 "," 3,041 "," 1,273 "," 7,474 "," 12,709 "," 5,504 "," 3,709 "," 7,150 "," 9,178 "," 31,680 "," 4,909 "," 1,478 "," 1,791 "," 2,984 "," 3,803 "," 3,360 "," 5,978 "," 7,377 "
서울,중랑구, 800 , 1 , 1 , 12 , 4 , 3 , 11 , 10 , 143 , 44 , 23 , 79 , 469 ," 7,794 ", 207 , 161 , 180 , 338 , 281 , 178 , 413 , 532 , 673 , 620 ," 1,220 "," 2,991 "," 193,256 "," 1,824 "," 18,404 "," 74,710 "," 24,823 "," 4,253 "," 1,329 "," 9,124 "," 20,514 "," 9,746 "," 5,433 "," 10,825 "," 12,271 "," 37,299 "," 7,017 "," 2,123 "," 2,174 "," 3,090 "," 4,111 "," 3,541 "," 6,176 "," 9,067 "
부산,합계," 1,867 ", - , 75 , 44 , 18 , 10 , 7 , 17 , 130 , 120 , 171 , 217 ," 1,058 "," 23,207 ", 889 , 466 , 583 ," 1,244 ", 619 , 553 ," 1,985 "," 3,180 "," 1,335 "," 1,190 "," 2,343 "," 8,820 "," 1,691,534 "," 9,357 "," 158,075 "," 697,919 "," 160,875 "," 40,830 "," 14,133 "," 81,794 "," 210,566 "," 73,921 "," 37,254 "," 80,888 "," 125,922 "," 375,984 "," 77,115 "," 23,775 "," 13,007 "," 10,690 "," 27,172 "," 43,735 "," 92,765 "," 87,725 "
부산,강서구, 39 , - , 2 , - , - , 1 , 1 , - , 1 , - , 1 , 12 , 21 , 943 , 37 , 24 , 16 , 50 , 36 , 15 , 71 , 100 , 83 , 68 , 73 , 370 ," 76,022 ", 330 ," 7,023 "," 28,908 "," 8,352 "," 2,225 ", 715 ," 4,527 "," 9,859 "," 3,555 "," 1,467 "," 3,236 "," 5,825 "," 15,311 "," 3,278 "," 1,113 ", 568 , 457 ," 1,062 "," 1,569 "," 3,935 "," 3,329 "
부산,금정구, 69 , - , 3 , 1 , 1 , 1 , - , - , 2 , 6 , 4 , 9 , 42 ," 1,494 ", 142 , 23 , 13 , 76 , 29 , 63 , 90 , 183 , 72 , 70 , 87 , 646 ," 111,755 ", 645 ," 9,308 "," 45,095 "," 10,938 "," 2,815 "," 1,013 "," 5,528 "," 14,131 "," 5,022 "," 2,780 "," 6,466 "," 8,014 "," 25,869 "," 5,162 "," 1,509 ", 809 , 650 ," 2,119 "," 3,013 "," 6,355 "," 6,252 "
부산,기장군, 36 , - , - , 1 , 1 , - , 1 , - , 3 , 5 , - , 6 , 19 , 957 , 14 , 37 , 18 , 40 , 37 , 14 , 48 , 214 , 106 , 32 , 58 , 339 ," 95,000 ", 453 ," 8,483 "," 35,964 "," 9,477 "," 2,775 "," 1,031 "," 6,128 "," 12,622 "," 4,309 "," 2,156 "," 4,265 "," 7,337 "," 19,934 "," 4,449 "," 1,543 ", 775 , 476 ," 1,322 "," 2,065 "," 4,507 "," 4,797 "
부산,남구, 103 , - , 2 , 1 , 2 , - , 1 , 1 , 7 , 5 , 3 , 6 , 75 ," 1,527 ", 74 , 24 , 15 , 56 , 41 , 90 , 171 , 277 , 116 , 54 , 71 , 538 ," 121,188 ", 715 ," 11,232 "," 48,913 "," 11,873 "," 3,058 "," 1,058 "," 6,065 "," 15,587 "," 5,073 "," 2,519 "," 5,878 "," 9,217 "," 26,796 "," 5,217 "," 1,529 ", 999 , 843 ," 2,170 "," 3,095 "," 6,881 "," 6,062 "
부산,동구, 236 , - , 1 , 3 , 1 , 1 , - , - , 2 , 5 , 3 , 24 , 196 , 982 , 47 , 23 , 16 , 38 , 28 , 34 , 118 , 107 , 56 , 56 , 79 , 380 ," 60,357 ", 409 ," 6,973 "," 27,817 "," 4,930 "," 1,199 ", 356 ," 1,997 "," 6,951 "," 2,660 "," 1,208 "," 2,345 "," 3,512 "," 11,939 "," 2,206 ", 740 , 411 , 362 , 862 ," 1,556 "," 3,170 "," 2,632 "
부산,동래구, 181 , - , 26 , 7 , 4 , 2 , 1 , 1 , 9 , 12 , 9 , 21 , 89 ," 1,745 ", 66 , 39 , 25 , 76 , 63 , 35 , 182 , 223 , 70 , 68 , 209 , 689 ," 147,209 ", 752 ," 13,279 "," 63,090 "," 13,732 "," 3,453 "," 1,205 "," 7,481 "," 17,539 "," 5,842 "," 3,496 "," 6,936 "," 10,404 "," 31,684 "," 6,117 "," 2,088 "," 1,161 ", 935 ," 2,081 "," 3,695 "," 7,696 "," 7,911 "
부산,부산진구, 189 , - , 1 , 8 , - , - , - , - , 20 , 16 , 27 , 37 , 80 ," 2,011 ", 92 , 26 , 37 , 148 , 54 , 23 , 198 , 338 , 139 , 116 , 236 , 604 ," 164,145 ", 973 ," 13,019 "," 66,563 "," 16,414 "," 4,140 "," 1,509 "," 8,332 "," 20,695 "," 7,228 "," 3,732 "," 8,382 "," 13,158 "," 41,525 "," 7,767 "," 2,445 "," 1,328 "," 1,219 "," 3,016 "," 5,270 "," 10,401 "," 10,079 "
부산,북구, 180 , - , 2 , 2 , 2 , 2 , - , 2 , 7 , 11 , 79 , 4 , 69 ," 1,419 ", 38 , 11 , 19 , 32 , 33 , 28 , 147 , 136 , 55 , 38 , 174 , 708 ," 130,818 ", 557 ," 11,736 "," 51,650 "," 13,597 "," 3,444 "," 1,050 "," 6,024 "," 16,063 "," 6,461 "," 2,975 "," 6,828 "," 10,433 "," 28,575 "," 6,355 "," 1,732 "," 1,189 ", 889 ," 2,115 "," 3,264 "," 6,604 "," 6,427 "
부산,사상구, 164 , - , 3 , 1 , 1 , 1 , 1 , - , 19 , 6 , 9 , 18 , 105 ," 1,507 ", 39 , 16 , 13 , 93 , 36 , 32 , 132 , 200 , 56 , 57 , 141 , 692 ," 110,763 ", 693 ," 12,462 "," 50,011 "," 9,771 "," 2,161 ", 797 ," 3,847 "," 11,955 "," 4,631 "," 2,187 "," 4,879 "," 7,369 "," 22,961 "," 5,034 "," 1,367 ", 813 , 592 ," 1,501 "," 2,531 "," 5,570 "," 5,553 "
부산,사하구, 120 , - , 5 , 4 , - , 1 , - , 2 , 16 , 4 , - , 7 , 81 ," 1,745 ", 63 , 15 , 87 , 231 , 49 , 23 , 116 , 184 , 73 , 131 , 150 , 623 ," 144,374 ", 542 ," 13,274 "," 60,613 "," 13,484 "," 3,325 "," 1,095 "," 5,572 "," 18,457 "," 6,717 "," 3,312 "," 6,751 "," 11,232 "," 34,097 "," 6,931 "," 2,288 "," 1,082 ", 921 ," 2,721 "," 4,221 "," 8,572 "," 7,361 "
부산,서구, 75 , - , 6 , 2 , - , - , - , 4 , 12 , 16 , 4 , 6 , 25 ," 1,414 ", 24 , 29 , 120 , 142 , 16 , 60 , 129 , 160 , 87 , 82 , 144 , 421 ," 63,569 ", 346 ," 6,985 "," 28,039 "," 5,510 "," 1,431 ", 509 ," 2,517 "," 7,357 "," 2,800 "," 1,421 "," 2,678 "," 3,976 "," 14,173 "," 2,948 ", 956 , 522 , 405 ," 1,218 "," 1,931 "," 3,109 "," 3,084 "
부산,수영구, 93 , - , 7 , 3 , 2 , - , - , - , 5 , 2 , - , 21 , 53 ," 1,251 ", 45 , 13 , 16 , 37 , 52 , 13 , 112 , 223 , 89 , 64 , 165 , 422 ," 83,265 ", 582 ," 8,327 "," 34,204 "," 7,350 "," 1,824 ", 645 ," 4,198 "," 10,837 "," 3,350 "," 1,918 "," 3,766 "," 6,264 "," 17,742 "," 3,708 "," 1,175 ", 649 , 470 ," 1,272 "," 1,892 "," 4,550 "," 4,026 "
부산,연제구, 146 , - , 7 , 3 , 1 , 1 , - , - , 15 , 16 , 20 , 20 , 63 ," 2,545 ", 71 , 27 , 60 , 66 , 42 , 36 , 159 , 377 , 153 , 132 , 412 ," 1,010 "," 126,991 ", 895 ," 13,240 "," 55,100 "," 10,718 "," 2,542 ", 907 ," 5,538 "," 15,220 "," 5,345 "," 2,476 "," 6,025 "," 8,985 "," 25,380 "," 5,353 "," 1,638 ", 877 , 810 ," 1,637 "," 2,686 "," 6,407 "," 5,972 "
부산,영도구, 66 , - , - , - , 1 , - , - , 7 , 2 , 2 , - , 2 , 52 , 936 , 67 , 53 , 48 , 59 , 20 , 21 , 51 , 60 , 29 , 35 , 69 , 424 ," 47,390 ", 238 ," 3,771 "," 19,178 "," 4,879 "," 1,122 ", 319 ," 2,593 "," 6,124 "," 2,139 ", 982 ," 2,314 "," 3,731 "," 12,600 "," 2,378 ", 763 , 422 , 263 , 771 ," 1,784 "," 3,341 "," 2,878 "
부산,중구, 24 , - , - , - , - , - , - , - , 2 , - , 1 , 5 , 16 , 538 , 26 , 73 , 21 , 25 , 10 , 8 , 43 , 62 , 16 , 34 , 33 , 187 ," 20,453 ", 117 ," 2,641 "," 8,836 "," 1,511 ", 403 , 162 , 709 ," 2,325 ", 814 , 443 , 916 ," 1,576 "," 5,428 ", 960 , 322 , 209 , 210 , 418 , 716 ," 1,338 "," 1,255 "
부산,해운대구, 146 , - , 10 , 8 , 2 , - , 2 , - , 8 , 14 , 11 , 19 , 72 ," 2,193 ", 44 , 33 , 59 , 75 , 73 , 58 , 218 , 336 , 135 , 153 , 242 , 767 ," 188,235 "," 1,110 "," 16,322 "," 73,938 "," 18,339 "," 4,913 "," 1,762 "," 10,738 "," 24,844 "," 7,975 "," 4,182 "," 9,223 "," 14,889 "," 41,970 "," 9,252 "," 2,567 "," 1,193 "," 1,188 "," 2,887 "," 4,447 "," 10,329 "," 10,107 "
대구,합계," 7,801 ", - ," 2,055 "," 4,629 ", 168 , 31 , 23 , 34 , 107 , 85 , 42 , 58 , 569 ," 15,323 ", 507 , 315 , 304 , 424 , 565 , 682 ," 1,071 "," 1,977 "," 1,853 "," 1,643 "," 1,816 "," 4,166 "," 1,245,690 "," 9,937 "," 98,483 "," 392,298 "," 185,253 "," 48,894 "," 14,679 "," 49,661 "," 174,460 "," 82,604 "," 37,098 "," 68,600 "," 83,723 "," 247,582 "," 47,663 "," 18,038 "," 12,340 "," 10,688 "," 18,509 "," 23,624 "," 49,769 "," 66,951 "
대구,군위군, - , - , - , - , - , - , - , - , - , - , - , - , - , - , - , - , - , - , - , - , - , - , - , - , - , - , - , - , - , - , - , - , - , - , - , - , - , - , - , 492 , - , - , - , - , - , - , 203 , 289 
대구,남구," 1,693 ", - , 670 , 894 , 9 , 1 , 2 , 2 , 6 , 13 , 5 , 5 , 86 ," 1,430 ", 36 , 18 , 25 , 38 , 67 , 55 , 122 , 303 , 149 , 103 , 136 , 378 ," 82,681 "," 1,410 "," 6,753 "," 32,805 "," 11,300 "," 2,597 ", 802 ," 2,494 "," 9,367 "," 4,492 "," 2,052 "," 3,944 "," 4,665 "," 14,686 "," 2,776 "," 1,048 ", 749 , 646 ," 1,191 "," 1,445 "," 2,877 "," 3,954 "
대구,달서구," 1,559 ", - , 253 ," 1,088 ", 19 , 13 , 8 , 10 , 14 , 10 , 5 , 8 , 131 ," 2,952 ", 101 , 35 , 54 , 74 , 146 , 163 , 224 , 364 , 410 , 298 , 246 , 837 ," 283,783 "," 2,081 "," 22,212 "," 81,424 "," 44,348 "," 12,070 "," 3,388 "," 12,458 "," 41,110 "," 19,773 "," 8,856 "," 16,104 "," 19,959 "," 60,063 "," 11,586 "," 4,315 "," 3,094 "," 2,789 "," 4,462 "," 5,697 "," 11,725 "," 16,395 "
대구,달성군, 696 , - , 124 , 414 , 70 , 3 , 1 , 3 , 2 , 9 , 4 , 9 , 57 ," 1,652 ", 26 , 22 , 13 , 33 , 43 , 37 , 49 , 209 , 373 , 293 , 217 , 337 ," 130,658 ", 683 ," 11,262 "," 38,399 "," 19,424 "," 5,640 "," 1,434 "," 4,942 "," 19,193 "," 9,497 "," 3,836 "," 7,146 "," 9,202 "," 25,266 "," 4,943 "," 2,012 "," 1,400 "," 1,093 "," 1,570 "," 2,085 "," 5,279 "," 6,884 "
대구,동구, 834 , - , 193 , 439 , 14 , 4 , 2 , 2 , 40 , 18 , 11 , 16 , 95 ," 2,047 ", 94 , 58 , 64 , 83 , 101 , 111 , 108 , 280 , 128 , 220 , 246 , 554 ," 169,854 ", 778 ," 10,239 "," 51,445 "," 26,108 "," 6,299 "," 2,082 "," 7,093 "," 25,427 "," 12,046 "," 5,656 "," 10,518 "," 12,163 "," 36,533 "," 7,102 "," 2,664 "," 1,717 "," 1,584 "," 2,854 "," 3,637 "," 7,208 "," 9,767 "
대구,북구, 796 , - , 219 , 465 , 5 , 3 , 6 , 9 , 7 , 7 , 7 , 7 , 61 ," 2,351 ", 51 , 105 , 51 , 52 , 54 , 94 , 212 , 254 , 193 , 210 , 402 , 673 ," 217,198 "," 1,591 "," 12,861 "," 70,902 "," 32,794 "," 9,041 "," 2,949 "," 8,489 "," 30,922 "," 14,292 "," 6,944 "," 11,852 "," 14,561 "," 41,552 "," 8,097 "," 3,028 "," 1,916 "," 1,686 "," 3,329 "," 4,157 "," 8,529 "," 10,810 "
대구,서구, 912 , - , 284 , 538 , 24 , 2 , 1 , 3 , 15 , 1 , 8 , 7 , 29 ," 2,237 ", 43 , 32 , 17 , 66 , 83 , 64 , 165 , 178 , 324 , 335 , 325 , 605 ," 110,670 "," 1,641 "," 15,124 "," 46,870 "," 12,789 "," 2,975 ", 835 ," 2,547 "," 10,833 "," 6,266 "," 2,210 "," 3,954 "," 4,626 "," 13,094 "," 2,658 ", 932 , 615 , 429 , 831 ," 1,164 "," 2,620 "," 3,845 "
대구,수성구, 969 , - , 169 , 630 , 22 , 5 , 3 , 3 , 19 , 22 , 2 , 5 , 89 ," 1,886 ", 139 , 33 , 66 , 55 , 49 , 114 , 165 , 291 , 134 , 146 , 158 , 536 ," 200,261 "," 1,380 "," 14,287 "," 54,458 "," 31,764 "," 8,465 "," 2,618 "," 9,512 "," 31,120 "," 13,146 "," 6,109 "," 12,278 "," 15,124 "," 44,636 "," 8,394 "," 3,281 "," 2,291 "," 1,975 "," 3,392 "," 4,377 "," 9,029 "," 11,897 "
대구,중구, 342 , - , 143 , 161 , 5 , - , - , 2 , 4 , 5 , - , 1 , 21 , 768 , 17 , 12 , 14 , 23 , 22 , 44 , 26 , 98 , 142 , 38 , 86 , 246 ," 50,585 ", 373 ," 5,745 "," 15,995 "," 6,726 "," 1,807 ", 571 ," 2,126 "," 6,488 "," 3,092 "," 1,435 "," 2,804 "," 3,423 "," 11,260 "," 2,107 ", 758 , 558 , 486 , 880 ," 1,062 "," 2,299 "," 3,110 "
인천,합계," 2,839 ", 1 , 5 , 58 , 29 , 113 , 135 , 42 , 333 , 200 , 129 , 364 ," 1,430 "," 33,880 ", 974 , 618 , 627 , 607 , 533 , 569 ," 2,293 "," 2,767 "," 3,974 "," 3,571 "," 5,245 "," 12,102 "," 1,649,642 "," 14,927 "," 170,140 "," 594,659 "," 215,795 "," 39,623 "," 11,276 "," 75,977 "," 178,134 "," 90,100 "," 48,311 "," 92,174 "," 118,526 "," 305,514 "," 68,382 "," 17,408 "," 16,949 "," 23,431 "," 31,187 "," 26,736 "," 43,600 "," 77,821 "
인천,강화군, 46 , - , - , - , 1 , - , - , 1 , 8 , 4 , 8 , 1 , 23 , 710 , 13 , 15 , 31 , 7 , 6 , 4 , 25 , 27 , 26 , 145 , 190 , 221 ," 32,169 ", 239 ," 2,284 "," 11,541 "," 4,479 ", 724 , 260 ," 1,480 "," 3,881 "," 1,863 ", 997 ," 2,025 "," 2,396 "," 5,471 "," 1,447 ", 390 , 246 , 413 , 425 , 369 , 733 ," 1,448 "
인천,계양구, 272 , - , - , 5 , 2 , 29 , 18 , 1 , 45 , 37 , 9 , 38 , 88 ," 3,298 ", 140 , 48 , 52 , 40 , 46 , 68 , 260 , 191 , 402 , 268 , 596 ," 1,187 "," 156,484 "," 1,493 "," 15,913 "," 57,245 "," 19,552 "," 3,663 "," 1,219 "," 6,767 "," 16,552 "," 8,644 "," 4,830 "," 8,729 "," 11,877 "," 28,979 "," 6,290 "," 1,565 "," 1,545 "," 2,185 "," 3,159 "," 2,460 "," 4,393 "," 7,382 "
인천,남동구, 515 , - , 1 , 5 , 5 , 9 , 21 , 5 , 37 , 21 , 35 , 95 , 281 ," 4,834 ", 155 , 104 , 83 , 74 , 105 , 90 , 270 , 402 , 557 , 591 , 808 ," 1,595 "," 274,975 "," 2,304 "," 27,402 "," 96,111 "," 37,117 "," 6,840 "," 1,643 "," 12,858 "," 30,286 "," 15,605 "," 8,267 "," 15,788 "," 20,754 "," 54,632 "," 12,103 "," 3,340 "," 3,073 "," 3,986 "," 5,347 "," 4,762 "," 7,942 "," 14,079 "
인천,동구, 112 , 1 , - , 6 , 3 , 8 , 6 , - , 32 , 2 , - , 5 , 49 , 938 , 26 , 3 , 11 , 13 , 10 , 9 , 56 , 42 , 82 , 72 , 123 , 491 ," 46,592 ", 299 ," 7,242 "," 20,884 "," 5,098 ", 763 , 175 ," 1,230 "," 3,744 "," 1,799 "," 1,122 "," 1,904 "," 2,332 "," 7,146 "," 1,544 ", 330 , 317 , 663 , 857 , 666 ," 1,059 "," 1,710 "
인천,미추홀구, 335 , - , 1 , 7 , 4 , 18 , 35 , 4 , 36 , 38 , 16 , 36 , 140 ," 5,329 ", 78 , 76 , 94 , 96 , 29 , 64 , 396 , 408 , 676 , 608 , 797 ," 2,007 "," 208,473 "," 2,029 "," 22,572 "," 76,689 "," 27,959 "," 4,645 "," 1,060 "," 8,893 "," 21,764 "," 11,056 "," 6,001 "," 11,888 "," 13,917 "," 39,394 "," 8,749 "," 2,114 "," 2,344 "," 2,980 "," 4,060 "," 3,404 "," 5,532 "," 10,211 "
인천,부평구, 622 , - , 2 , 11 , 2 , 27 , 33 , 10 , 53 , 28 , 26 , 41 , 389 ," 6,096 ", 206 , 90 , 72 , 114 , 113 , 136 , 365 , 474 , 709 , 655 ," 1,085 "," 2,077 "," 255,687 "," 2,235 "," 24,510 "," 95,684 "," 33,949 "," 5,702 "," 1,597 "," 11,149 "," 26,456 "," 13,666 "," 7,525 "," 14,338 "," 18,876 "," 46,256 "," 10,388 "," 2,589 "," 2,384 "," 3,782 "," 4,948 "," 3,931 "," 6,487 "," 11,747 "
인천,서구, 518 , - , 1 , 3 , 6 , 2 , 3 , 13 , 92 , 32 , 15 , 72 , 279 ," 5,749 ", 152 , 147 , 156 , 101 , 96 , 90 , 374 , 528 , 781 , 565 , 761 ," 1,998 "," 323,736 "," 2,655 "," 32,170 "," 115,859 "," 42,213 "," 7,813 "," 2,037 "," 15,707 "," 35,441 "," 17,904 "," 10,080 "," 18,595 "," 23,262 "," 60,689 "," 13,518 "," 3,314 "," 3,347 "," 4,431 "," 6,017 "," 5,733 "," 8,876 "," 15,453 "
인천,연수구, 310 , - , - , 13 , 6 , 15 , 12 , 8 , 18 , 18 , 14 , 61 , 145 ," 4,865 ", 139 , 81 , 91 , 132 , 71 , 65 , 386 , 554 , 580 , 536 , 643 ," 1,587 "," 250,250 "," 2,512 "," 29,384 "," 90,982 "," 32,144 "," 6,353 "," 1,794 "," 11,173 "," 26,542 "," 12,511 "," 6,283 "," 13,057 "," 17,515 "," 41,215 "," 9,098 "," 2,442 "," 2,488 "," 3,251 "," 4,160 "," 3,628 "," 5,596 "," 10,552 "
인천,옹진군, - , - , - , - , - , - , - , - , - , - , - , - , - , 1 , - , 1 , - , - , - , - , - , - , - , - , - , - ," 6,339 ", - , 123 ," 1,560 "," 1,406 ", 502 , 108 , 264 , 972 , 277 , 150 , 391 , 586 ," 1,169 ", 184 , 72 , 51 , 71 , 209 , 75 , 196 , 311 
인천,중구, 109 , - , - , 8 , - , 5 , 7 , - , 12 , 20 , 6 , 15 , 36 ," 2,060 ", 65 , 53 , 37 , 30 , 57 , 43 , 161 , 141 , 161 , 131 , 242 , 939 ," 94,937 "," 1,161 "," 8,540 "," 28,104 "," 11,878 "," 2,618 "," 1,383 "," 6,456 "," 12,496 "," 6,775 "," 3,056 "," 5,459 "," 7,011 "," 20,563 "," 5,061 "," 1,252 "," 1,154 "," 1,669 "," 2,005 "," 1,708 "," 2,786 "," 4,928 "
광주,합계," 1,081 ", - , 9 , 11 , 10 , 2 , 12 , 160 , 170 , 121 , 16 , 185 , 385 ," 6,945 ", 702 , 301 , 125 , 200 , 396 , 132 , 462 , 654 , 936 , 382 , 914 ," 1,741 "," 841,026 "," 6,982 "," 63,225 "," 281,730 "," 142,872 "," 28,694 "," 6,105 "," 33,620 "," 115,973 "," 43,521 "," 18,211 "," 40,845 "," 59,248 "," 169,429 "," 29,495 "," 10,253 "," 8,596 "," 11,159 "," 15,003 "," 16,142 "," 33,694 "," 45,087 "
광주,광산구, 212 , - , 1 , - , 1 , 2 , 1 , 27 , 22 , 19 , 4 , 41 , 94 ," 2,473 ", 364 , 77 , 48 , 55 , 108 , 36 , 126 , 274 , 459 , 161 , 379 , 386 ," 250,208 "," 2,050 "," 19,914 "," 87,225 "," 40,599 "," 8,323 "," 1,749 "," 10,360 "," 33,355 "," 12,270 "," 5,365 "," 11,557 "," 17,441 "," 46,854 "," 8,763 "," 2,664 "," 2,357 "," 2,938 "," 3,965 "," 4,349 "," 9,392 "," 12,426 "
광주,남구, 112 , - , - , 4 , 1 , - , 1 , 8 , 19 , 13 , - , 25 , 41 , 924 , 48 , 29 , 18 , 39 , 55 , 25 , 80 , 62 , 64 , 48 , 61 , 395 ," 122,385 "," 1,025 "," 8,785 "," 39,458 "," 21,451 "," 4,328 ", 965 ," 5,022 "," 17,344 "," 6,258 "," 2,862 "," 6,235 "," 8,652 "," 25,108 "," 4,221 "," 1,573 "," 1,372 "," 1,831 "," 2,119 "," 2,368 "," 5,015 "," 6,609 "
광주,동구, 124 , - , 6 , 3 , - , - , 4 , 23 , 15 , 9 , 2 , 33 , 29 , 478 , 34 , 19 , 6 , 21 , 40 , 9 , 51 , 38 , 49 , 25 , 44 , 142 ," 66,554 ", 804 ," 4,318 "," 21,080 "," 11,928 "," 2,405 ", 498 ," 2,399 "," 9,778 "," 4,013 "," 1,375 "," 3,421 "," 4,535 "," 14,863 "," 2,377 ", 985 , 718 , 921 ," 1,366 "," 1,359 "," 2,919 "," 4,218 "
광주,북구, 423 , - , 1 , 3 , 5 , - , 5 , 84 , 81 , 69 , 6 , 34 , 135 ," 1,614 ", 102 , 73 , 32 , 38 , 75 , 36 , 91 , 157 , 213 , 74 , 234 , 489 ," 228,112 "," 1,610 "," 16,804 "," 77,711 "," 39,097 "," 7,706 "," 1,674 "," 8,711 "," 30,849 "," 12,090 "," 4,710 "," 10,760 "," 16,390 "," 46,485 "," 8,138 "," 2,740 "," 2,326 "," 3,101 "," 4,342 "," 4,450 "," 9,290 "," 12,098 "
광주,서구, 210 , - , 1 , 1 , 3 , - , 1 , 18 , 33 , 11 , 4 , 52 , 86 ," 1,456 ", 154 , 103 , 21 , 47 , 118 , 26 , 114 , 123 , 151 , 74 , 196 , 329 ," 173,767 "," 1,493 "," 13,404 "," 56,256 "," 29,797 "," 5,932 "," 1,219 "," 7,128 "," 24,647 "," 8,890 "," 3,899 "," 8,872 "," 12,230 "," 36,119 "," 5,996 "," 2,291 "," 1,823 "," 2,368 "," 3,211 "," 3,616 "," 7,078 "," 9,736 "
대전,합계, 845 , - , 13 , 23 , 4 , 6 , 71 , 49 , 90 , 104 , 82 , 52 , 351 ," 11,405 ", 252 , 93 , 96 , 444 , 348 , 573 ," 1,538 "," 1,458 "," 1,338 ", 547 ," 1,023 "," 3,695 "," 836,323 "," 4,475 "," 61,745 "," 265,191 "," 137,002 "," 29,340 "," 7,005 "," 39,916 "," 113,435 "," 47,603 "," 23,115 "," 50,067 "," 57,429 "," 164,698 "," 32,025 "," 8,558 "," 10,001 "," 10,615 "," 15,839 "," 13,030 "," 29,999 "," 44,631 "
대전,대덕구, 76 , - , 1 , - , 1 , - , 1 , 3 , 7 , 15 , 2 , 4 , 42 ," 1,228 ", 17 , 5 , 13 , 80 , 49 , 83 , 169 , 153 , 144 , 33 , 113 , 369 ," 87,749 ", 364 ," 6,242 "," 27,457 "," 14,539 "," 2,716 ", 622 ," 3,659 "," 12,138 "," 5,546 "," 2,486 "," 5,611 "," 6,369 "," 18,169 "," 3,474 ", 940 , 952 ," 1,176 "," 1,715 "," 1,418 "," 3,436 "," 5,058 "
대전,동구, 124 , - , 1 , 1 , - , - , 10 , 4 , 9 , 39 , - , 9 , 51 ," 1,701 ", 31 , 11 , 13 , 104 , 45 , 73 , 196 , 211 , 222 , 123 , 87 , 585 ," 123,054 ", 585 ," 9,408 "," 42,888 "," 20,738 "," 4,260 ", 769 ," 4,526 "," 16,133 "," 7,036 "," 3,066 "," 6,548 "," 7,097 "," 22,762 "," 4,056 "," 1,133 "," 1,355 "," 1,345 "," 2,026 "," 1,841 "," 4,273 "," 6,733 "
대전,서구, 231 , - , 5 , 11 , - , 1 , 30 , 23 , 22 , 23 , 30 , 10 , 76 ," 3,313 ", 41 , 29 , 30 , 118 , 100 , 168 , 397 , 411 , 458 , 191 , 305 ," 1,065 "," 261,243 "," 1,350 "," 19,140 "," 79,492 "," 42,779 "," 9,188 "," 2,173 "," 13,238 "," 36,537 "," 14,783 "," 7,753 "," 16,038 "," 18,772 "," 53,738 "," 10,781 "," 2,811 "," 3,202 "," 3,543 "," 5,296 "," 4,113 "," 9,753 "," 14,239 "
대전,유성구, 256 , - , 6 , 10 , 2 , 5 , 16 , 9 , 24 , 10 , 38 , 14 , 122 ," 2,761 ", 14 , 11 , 26 , 81 , 92 , 124 , 351 , 392 , 313 , 139 , 372 , 846 ," 237,359 "," 1,405 "," 15,297 "," 73,239 "," 37,906 "," 9,121 "," 2,497 "," 12,926 "," 32,777 "," 13,281 "," 6,516 "," 14,637 "," 17,757 "," 47,746 "," 9,496 "," 2,556 "," 3,207 "," 3,153 "," 4,764 "," 3,839 "," 8,491 "," 12,240 "
대전,중구, 158 , - , - , 1 , 1 , - , 14 , 10 , 28 , 17 , 12 , 15 , 60 ," 2,402 ", 149 , 37 , 14 , 61 , 62 , 125 , 425 , 291 , 201 , 61 , 146 , 830 ," 126,918 ", 771 ," 11,658 "," 42,115 "," 21,040 "," 4,055 ", 944 ," 5,567 "," 15,850 "," 6,957 "," 3,294 "," 7,233 "," 7,434 "," 22,283 "," 4,218 "," 1,118 "," 1,285 "," 1,398 "," 2,038 "," 1,819 "," 4,046 "," 6,361 "
울산,합계, 672 , - , 17 , 22 , 4 , 9 , 3 , 4 , 30 , 58 , 16 , 35 , 474 ," 6,200 ", 264 , 76 , 141 , 725 , 699 , 246 , 382 , 969 , 990 , 256 , 219 ," 1,233 "," 611,309 "," 2,163 "," 40,568 "," 217,277 "," 87,887 "," 22,767 "," 8,102 "," 38,341 "," 82,155 "," 26,348 "," 15,036 "," 28,356 "," 42,309 "," 119,939 "," 27,921 "," 8,381 "," 4,124 "," 3,077 "," 8,346 "," 12,335 "," 27,491 "," 28,264 "
울산,남구, 371 , - , 8 , 6 , 1 , - , 1 , 1 , 13 , 18 , 2 , 9 , 312 ," 1,893 ", 32 , 15 , 18 , 241 , 286 , 59 , 117 , 305 , 332 , 96 , 92 , 300 ," 195,628 ", 620 ," 15,329 "," 69,495 "," 27,407 "," 7,498 "," 2,633 "," 11,187 "," 26,232 "," 8,112 "," 4,740 "," 8,727 "," 13,648 "," 37,416 "," 8,774 "," 2,591 "," 1,259 ", 875 ," 2,733 "," 3,618 "," 8,543 "," 9,023 "
울산,동구, 62 , - , 2 , 4 , 1 , 4 , - , 1 , 4 , 7 , 6 , 5 , 28 , 992 , 74 , 5 , 12 , 84 , 72 , 21 , 116 , 219 , 132 , 47 , 29 , 181 ," 82,255 ", 390 ," 4,949 "," 29,380 "," 12,858 "," 2,981 "," 1,048 "," 7,116 "," 10,233 "," 3,275 "," 1,638 "," 3,176 "," 5,211 "," 15,070 "," 3,430 "," 1,064 ", 519 , 383 , 925 ," 1,760 "," 3,766 "," 3,223 "
울산,북구, 85 , - , 2 , 6 , 2 , 2 , 2 , - , 4 , 10 , - , 7 , 50 ," 1,164 ", 62 , 34 , 90 , 132 , 105 , 86 , 52 , 136 , 154 , 41 , 24 , 248 ," 131,379 ", 468 ," 6,955 "," 45,476 "," 19,856 "," 5,141 "," 2,035 "," 8,276 "," 17,815 "," 5,651 "," 3,545 "," 6,609 "," 9,552 "," 27,258 "," 6,595 "," 2,101 "," 1,068 ", 684 ," 1,836 "," 2,698 "," 5,917 "," 6,359 "
울산,울주군, 52 , - , 2 , 1 , - , 3 , - , - , 5 , 5 , 4 , 4 , 28 , 750 , 27 , 3 , 8 , 100 , 121 , 31 , 37 , 81 , 96 , 41 , 28 , 177 ," 92,057 ", 325 ," 5,226 "," 30,884 "," 13,139 "," 3,562 "," 1,053 "," 5,875 "," 13,146 "," 4,309 "," 2,624 "," 4,876 "," 7,038 "," 19,794 "," 4,620 "," 1,245 ", 579 , 553 ," 1,427 "," 2,115 "," 4,402 "," 4,853 "
울산,중구, 102 , - , 3 , 5 , - , - , - , 2 , 4 , 18 , 4 , 10 , 56 ," 1,401 ", 69 , 19 , 13 , 168 , 115 , 49 , 60 , 228 , 276 , 31 , 46 , 327 ," 109,990 ", 360 ," 8,109 "," 42,042 "," 14,627 "," 3,585 "," 1,333 "," 5,887 "," 14,729 "," 5,001 "," 2,489 "," 4,968 "," 6,860 "," 20,401 "," 4,502 "," 1,380 ", 699 , 582 ," 1,425 "," 2,144 "," 4,863 "," 4,806 "
세종,합계, 149 , - , 1 , 45 , - , 1 , 3 , - , 17 , 9 , 6 , 18 , 49 ," 1,993 ", 47 , 30 , 44 , 87 , 123 , 80 , 176 , 257 , 246 , 126 , 195 , 582 ," 228,054 ", 844 ," 14,739 "," 75,737 "," 37,197 "," 7,722 "," 2,220 "," 10,985 "," 28,963 "," 13,503 "," 6,612 "," 13,066 "," 16,466 "," 43,217 "," 8,923 "," 2,491 "," 3,186 "," 3,299 "," 3,931 "," 3,716 "," 6,380 "," 11,291 "
세종,세종, 149 , - , 1 , 45 , - , 1 , 3 , - , 17 , 9 , 6 , 18 , 49 ," 1,993 ", 47 , 30 , 44 , 87 , 123 , 80 , 176 , 257 , 246 , 126 , 195 , 582 ," 228,054 ", 844 ," 14,739 "," 75,737 "," 37,197 "," 7,722 "," 2,220 "," 10,985 "," 28,963 "," 13,503 "," 6,612 "," 13,066 "," 16,466 "," 43,217 "," 8,923 "," 2,491 "," 3,186 "," 3,299 "," 3,931 "," 3,716 "," 6,380 "," 11,291 "
경기,합계," 14,450 ", 2 , 74 , 400 , 200 , 164 , 367 , 339 ," 1,714 "," 1,123 "," 1,020 "," 1,874 "," 7,173 "," 171,884 "," 5,353 "," 3,747 "," 5,029 "," 5,617 "," 4,884 "," 4,978 "," 11,720 "," 15,297 "," 19,045 "," 18,331 "," 25,011 "," 52,872 "," 7,680,744 "," 72,703 "," 681,234 "," 2,696,470 "," 1,082,456 "," 204,343 "," 61,864 "," 388,122 "," 870,183 "," 409,687 "," 227,133 "," 440,644 "," 545,905 "," 1,399,477 "," 296,519 "," 81,287 "," 86,394 "," 103,728 "," 148,936 "," 123,445 "," 218,452 "," 340,716 "
경기,가평군, 98 , - , - , - , 1 , - , - , 1 , 37 , 5 , 1 , 25 , 28 , 690 , 22 , 8 , 18 , 12 , 23 , 37 , 14 , 52 , 68 , 40 , 81 , 315 ," 32,571 ", 183 ," 2,208 "," 10,678 "," 5,210 "," 1,188 ", 387 ," 1,556 "," 4,284 "," 1,722 ", 907 ," 1,829 "," 2,419 "," 5,958 "," 1,456 ", 277 , 305 , 413 , 568 , 497 , 888 ," 1,554 "
경기,고양시 덕양구, 593 , 1 , 3 , 7 , 4 , 5 , 4 , 17 , 88 , 37 , 54 , 109 , 264 ," 5,844 ", 147 , 139 , 106 , 198 , 183 , 180 , 332 , 363 , 505 , 561 ," 1,023 "," 2,107 "," 259,332 "," 1,970 "," 20,399 "," 89,171 "," 39,419 "," 6,908 "," 2,121 "," 14,465 "," 29,312 "," 13,513 "," 7,775 "," 15,517 "," 18,762 "," 49,306 "," 10,446 "," 2,745 "," 2,955 "," 3,759 "," 5,463 "," 4,669 "," 7,603 "," 11,666 "
경기,고양시 일산동구, 557 , - , 1 , 4 , 2 , 4 , 3 , 2 , 60 , 70 , 19 , 67 , 325 ," 3,678 ", 123 , 107 , 72 , 125 , 100 , 171 , 267 , 343 , 342 , 250 , 516 ," 1,262 "," 165,970 "," 1,502 "," 15,749 "," 56,875 "," 21,490 "," 4,427 "," 1,254 "," 10,079 "," 18,004 "," 8,199 "," 5,244 "," 10,324 "," 12,823 "," 32,101 "," 6,848 "," 1,869 "," 2,095 "," 2,601 "," 3,523 "," 2,896 "," 4,653 "," 7,616 "
경기,고양시 일산서구, 280 , - , 1 , 2 , 4 , 4 , 6 , 4 , 36 , 24 , 6 , 46 , 147 ," 3,414 ", 106 , 113 , 50 , 140 , 95 , 92 , 195 , 281 , 319 , 267 , 664 ," 1,092 "," 161,166 "," 1,218 "," 11,388 "," 55,704 "," 22,394 "," 4,524 "," 1,367 "," 10,072 "," 18,464 "," 8,383 "," 5,241 "," 9,987 "," 12,424 "," 30,381 "," 6,438 "," 1,788 "," 1,820 "," 2,264 "," 3,294 "," 2,737 "," 4,730 "," 7,310 "
경기,과천시, 68 , - , 2 , 4 , - , - , 4 , 3 , 5 , 7 , - , 15 , 28 , 891 , 22 , 16 , 18 , 47 , 20 , 20 , 52 , 51 , 61 , 90 , 182 , 312 ," 45,187 ", 335 ," 3,847 "," 16,048 "," 5,694 "," 1,399 ", 465 ," 2,971 "," 5,546 "," 2,106 "," 1,271 "," 2,491 "," 3,014 "," 8,977 "," 1,711 ", 588 , 671 , 571 ," 1,064 ", 799 ," 1,489 "," 2,084 "
경기,광명시, 386 , - , 1 , 6 , 4 , 7 , 10 , 7 , 41 , 47 , 9 , 32 , 222 ," 4,643 ", 172 , 94 , 72 , 152 , 127 , 185 , 389 , 410 , 447 , 422 , 634 ," 1,539 "," 175,003 "," 1,305 "," 16,002 "," 65,274 "," 25,146 "," 4,064 "," 1,243 "," 8,553 "," 18,824 "," 8,914 "," 4,653 "," 10,029 "," 10,996 "," 31,253 "," 6,263 "," 1,682 "," 1,600 "," 2,301 "," 3,617 "," 2,812 "," 5,207 "," 7,771 "
경기,광주시, 404 , - , - , 11 , 4 , 3 , 13 , 3 , 33 , 11 , 133 , 50 , 143 ," 5,140 ", 165 , 114 , 208 , 298 , 325 , 125 , 352 , 339 , 640 , 596 , 717 ," 1,261 "," 192,515 "," 2,360 "," 17,689 "," 67,642 "," 27,917 "," 5,411 "," 1,217 "," 9,013 "," 21,702 "," 10,628 "," 5,096 "," 11,243 "," 12,597 "," 33,264 "," 6,623 "," 1,921 "," 2,163 "," 2,716 "," 3,396 "," 2,892 "," 5,324 "," 8,229 "
경기,구리시, 250 , - , 1 , 3 , 2 , 5 , 2 , - , 33 , 23 , 7 , 29 , 145 ," 3,793 ", 138 , 35 , 107 , 162 , 114 , 77 , 226 , 242 , 370 , 424 , 590 ," 1,308 "," 112,982 "," 1,431 "," 11,967 "," 44,057 "," 14,722 "," 2,562 ", 783 ," 5,008 "," 10,713 "," 5,493 "," 3,231 "," 6,128 "," 6,887 "," 18,857 "," 3,931 "," 1,034 "," 1,039 "," 1,525 "," 2,055 "," 1,729 "," 3,084 "," 4,460 "
경기,군포시, 448 , - , - , 24 , 8 , 6 , 36 , 5 , 49 , 41 , 21 , 23 , 235 ," 3,540 ", 120 , 42 , 77 , 140 , 113 , 94 , 207 , 290 , 385 , 327 , 544 ," 1,201 "," 154,041 "," 1,327 "," 16,067 "," 55,723 "," 20,264 "," 3,903 "," 1,103 "," 6,909 "," 17,332 "," 8,200 "," 4,669 "," 8,127 "," 10,417 "," 27,906 "," 5,771 "," 1,523 "," 1,545 "," 2,111 "," 3,079 "," 2,728 "," 4,527 "," 6,622 "
경기,김포시, 447 , - , 4 , 5 , 5 , 11 , 11 , 5 , 71 , 31 , 10 , 67 , 227 ," 6,302 ", 208 , 189 , 159 , 136 , 94 , 150 , 318 , 512 , 585 , 567 ," 1,071 "," 2,313 "," 290,440 "," 2,859 "," 28,889 "," 106,150 "," 39,232 "," 6,860 "," 1,829 "," 14,285 "," 30,068 "," 15,744 "," 8,175 "," 15,562 "," 20,787 "," 52,446 "," 11,888 "," 3,016 "," 3,195 "," 3,920 "," 5,267 "," 4,465 "," 7,895 "," 12,800 "
경기,남양주시, 719 , - , 2 , 9 , 16 , 9 , 9 , 6 , 99 , 50 , 93 , 65 , 361 ," 9,237 ", 257 , 279 , 228 , 368 , 304 , 329 , 655 , 610 , 869 , 911 ," 1,280 "," 3,147 "," 381,036 "," 3,218 "," 36,672 "," 141,146 "," 51,449 "," 9,578 "," 2,642 "," 18,622 "," 40,518 "," 20,167 "," 11,958 "," 21,139 "," 23,927 "," 68,650 "," 14,256 "," 4,056 "," 4,604 "," 5,417 "," 7,339 "," 6,629 "," 10,967 "," 15,382 "
경기,동두천시, 67 , - , - , - , 5 , - , - , 1 , 6 , 4 , 28 , 6 , 17 ," 2,387 ", 33 , 48 , 263 , 10 , 20 , 37 , 92 , 176 , 342 , 435 , 505 , 426 ," 46,361 ", 762 ," 5,092 "," 15,524 "," 7,265 "," 1,327 ", 337 ," 1,711 "," 5,189 "," 2,507 "," 1,524 "," 2,462 "," 2,661 "," 8,059 "," 1,677 ", 625 , 462 , 832 , 938 , 575 ," 1,046 "," 1,904 "
경기,부천시," 1,166 ", - , 9 , 60 , 6 , 39 , 47 , 23 , 72 , 95 , 62 , 114 , 639 ," 11,253 ", 344 , 337 , 156 , 307 , 321 , 261 , 759 , 715 ," 1,034 ", 965 ," 2,031 "," 4,023 "," 427,063 "," 3,112 "," 37,897 "," 154,113 "," 60,340 "," 11,103 "," 2,757 "," 19,458 "," 46,706 "," 24,425 "," 12,862 "," 23,771 "," 30,519 "," 78,963 "," 17,598 "," 4,406 "," 3,933 "," 5,605 "," 8,211 "," 7,168 "," 11,849 "," 20,193 "
경기,성남시 분당구, 622 , 1 , 6 , 38 , 7 , 1 , 12 , 9 , 71 , 30 , 43 , 127 , 277 ," 5,738 ", 193 , 181 , 160 , 303 , 236 , 329 , 491 , 506 , 697 , 440 , 771 ," 1,431 "," 299,957 "," 2,710 "," 22,898 "," 94,230 "," 41,571 "," 9,240 "," 3,524 "," 20,253 "," 37,649 "," 16,223 "," 9,715 "," 19,120 "," 22,824 "," 63,046 "," 12,405 "," 3,928 "," 4,374 "," 5,239 "," 6,903 "," 5,924 "," 9,640 "," 14,633 "
경기,성남시 수정구, 360 , - , - , 59 , 2 , 9 , 14 , 5 , 39 , 45 , 9 , 47 , 131 ," 3,525 ", 130 , 71 , 143 , 197 , 170 , 134 , 247 , 232 , 399 , 331 , 466 ," 1,005 "," 128,643 ", 980 ," 9,862 "," 46,597 "," 18,276 "," 3,240 "," 1,028 "," 6,439 "," 15,192 "," 6,764 "," 3,822 "," 7,417 "," 9,026 "," 25,713 "," 4,706 "," 1,473 "," 1,600 "," 1,844 "," 2,752 "," 2,597 "," 4,396 "," 6,345 "
경기,성남시 중원구, 220 , - , - , 10 , 7 , - , 14 , - , 22 , 12 , 8 , 48 , 99 ," 3,587 ", 106 , 53 , 136 , 167 , 166 , 112 , 210 , 288 , 482 , 269 , 447 ," 1,151 "," 106,936 "," 1,011 "," 10,736 "," 43,395 "," 14,517 "," 2,482 ", 618 ," 4,312 "," 10,972 "," 5,014 "," 2,544 "," 5,056 "," 6,279 "," 17,592 "," 3,129 ", 959 ," 1,068 "," 1,380 "," 1,959 "," 1,714 "," 2,992 "," 4,391 "
경기,수원시 권선구, 169 , - , 1 , 9 , 2 , 1 , 3 , 1 , 16 , 23 , 10 , 10 , 93 ," 3,059 ", 182 , 109 , 104 , 85 , 75 , 78 , 193 , 331 , 230 , 374 , 562 , 736 ," 193,450 "," 1,005 "," 13,229 "," 66,246 "," 28,325 "," 5,326 "," 1,704 "," 9,305 "," 23,585 "," 11,168 "," 6,114 "," 11,955 "," 15,488 "," 38,669 "," 8,303 "," 2,092 "," 2,331 "," 2,635 "," 3,903 "," 3,336 "," 6,158 "," 9,911 "
경기,수원시 영통구, 208 , - , 3 , 11 , 2 , 4 , 19 , 4 , 33 , 13 , 9 , 17 , 93 ," 3,040 ", 101 , 52 , 102 , 150 , 88 , 82 , 258 , 326 , 377 , 289 , 366 , 849 ," 217,157 "," 1,415 "," 13,827 "," 63,254 "," 32,901 "," 7,231 "," 2,482 "," 13,416 "," 28,750 "," 12,566 "," 7,201 "," 14,380 "," 19,734 "," 45,968 "," 10,515 "," 2,719 "," 3,109 "," 3,554 "," 4,956 "," 3,975 "," 6,805 "," 10,335 "
경기,수원시 장안구, 215 , - , 5 , 9 , 7 , 4 , 7 , 7 , 27 , 22 , 6 , 13 , 108 ," 2,640 ", 101 , 51 , 68 , 60 , 67 , 105 , 183 , 358 , 317 , 274 , 317 , 739 ," 149,240 ", 905 ," 12,219 "," 50,842 "," 21,756 "," 3,835 "," 1,116 "," 7,237 "," 18,526 "," 8,470 "," 4,438 "," 8,776 "," 11,120 "," 29,334 "," 6,132 "," 1,663 "," 1,799 "," 2,153 "," 3,156 "," 2,449 "," 4,619 "," 7,363 "
경기,수원시 팔달구, 181 , - , 2 , 3 , - , 1 , 11 , 4 , 25 , 13 , 6 , 17 , 99 ," 3,216 ", 68 , 35 , 67 , 123 , 60 , 99 , 204 , 332 , 480 , 423 , 443 , 882 ," 131,632 "," 1,124 "," 13,333 "," 51,880 "," 16,580 "," 2,915 ", 867 ," 5,620 "," 13,727 "," 6,570 "," 3,594 "," 6,844 "," 8,578 "," 22,984 "," 4,707 "," 1,289 "," 1,458 "," 1,755 "," 2,469 "," 1,936 "," 3,653 "," 5,717 "
경기,시흥시, 470 , - , 2 , 3 , 2 , 2 , 16 , 9 , 48 , 54 , 15 , 50 , 269 ," 6,783 ", 122 , 69 , 125 , 181 , 106 , 148 , 593 , 722 , 792 , 945 ," 1,071 "," 1,909 "," 302,311 "," 3,225 "," 29,155 "," 108,044 "," 42,083 "," 6,962 "," 1,894 "," 12,569 "," 33,401 "," 16,760 "," 8,702 "," 16,660 "," 22,856 "," 54,113 "," 12,297 "," 3,105 "," 2,892 "," 3,408 "," 5,235 "," 4,545 "," 8,257 "," 14,374 "
경기,안산시 단원구, 358 , - , - , 10 , - , - , 9 , 13 , 30 , 39 , 4 , 19 , 234 ," 6,680 ", 192 , 144 , 143 , 162 , 106 , 95 , 577 , 611 , 976 ," 1,172 ", 995 ," 1,507 "," 186,436 "," 1,678 "," 18,932 "," 66,343 "," 27,564 "," 4,809 "," 1,126 "," 6,823 "," 20,489 "," 11,124 "," 5,033 "," 9,334 "," 13,181 "," 30,307 "," 6,924 "," 1,682 "," 1,651 "," 1,898 "," 3,110 "," 2,429 "," 4,245 "," 8,368 "
경기,안산시 상록구, 319 , - , - , 5 , 1 , - , 8 , 12 , 28 , 26 , 8 , 39 , 192 ," 4,178 ", 130 , 93 , 55 , 95 , 61 , 92 , 331 , 528 , 618 , 676 , 484 ," 1,015 "," 161,084 "," 1,289 "," 15,718 "," 58,275 "," 22,530 "," 3,851 ", 883 ," 5,924 "," 18,528 "," 9,745 "," 4,520 "," 8,453 "," 11,368 "," 25,949 "," 5,876 "," 1,413 "," 1,477 "," 1,741 "," 2,758 "," 1,996 "," 3,925 "," 6,763 "
경기,안성시, 98 , - , 2 , 2 , 2 , 3 , 1 , 6 , 11 , 8 , 5 , 16 , 42 ," 1,779 ", 93 , 23 , 136 , 62 , 95 , 99 , 76 , 128 , 184 , 141 , 165 , 577 ," 99,064 ", 951 ," 8,079 "," 32,745 "," 15,593 "," 3,175 ", 706 ," 3,715 "," 12,620 "," 5,739 "," 2,814 "," 5,459 "," 7,468 "," 16,441 "," 3,790 ", 979 ," 1,110 "," 1,344 "," 1,581 "," 1,281 "," 2,532 "," 3,824 "
경기,안양시 동안구, 363 , - , 4 , 5 , 2 , 5 , 17 , 6 , 41 , 35 , 30 , 36 , 182 ," 3,933 ", 156 , 103 , 95 , 136 , 113 , 121 , 379 , 255 , 354 , 342 , 596 ," 1,283 "," 186,420 "," 1,700 "," 16,522 "," 64,166 "," 25,499 "," 4,673 "," 1,473 "," 10,168 "," 21,518 "," 9,708 "," 6,094 "," 11,520 "," 13,379 "," 38,645 "," 7,550 "," 2,134 "," 2,252 "," 3,043 "," 4,584 "," 3,340 "," 6,216 "," 9,526 "
경기,안양시 만안구, 351 , - , 1 , 5 , 4 , 2 , 15 , 3 , 26 , 24 , 36 , 34 , 201 ," 3,599 ", 74 , 59 , 53 , 122 , 83 , 70 , 348 , 279 , 268 , 293 , 478 ," 1,472 "," 126,176 "," 1,164 "," 11,650 "," 48,040 "," 18,205 "," 2,993 ", 803 ," 5,562 "," 13,668 "," 6,134 "," 3,480 "," 6,452 "," 8,025 "," 22,472 "," 4,257 "," 1,126 "," 1,263 "," 1,792 "," 2,834 "," 2,036 "," 3,616 "," 5,548 "
경기,양주시, 195 , - , - , - , 4 , 4 , 1 , 5 , 18 , 14 , 33 , 17 , 99 ," 3,071 ", 110 , 81 , 82 , 49 , 59 , 53 , 264 , 372 , 292 , 346 , 506 , 857 ," 123,548 "," 1,062 "," 10,654 "," 43,901 "," 17,311 "," 3,692 "," 1,318 "," 5,840 "," 13,814 "," 7,504 "," 3,824 "," 6,921 "," 7,707 "," 22,007 "," 4,453 "," 1,352 "," 1,455 "," 1,601 "," 2,327 "," 2,137 "," 3,316 "," 5,366 "
경기,양평군, 202 , - , - , - , - , 1 , - , - , 78 , 12 , 15 , 5 , 91 ," 1,404 ", 26 , 13 , 64 , 39 , 44 , 14 , 54 , 52 , 64 , 66 , 254 , 714 ," 57,806 ", 351 ," 4,246 "," 18,413 "," 8,792 "," 1,627 ", 749 ," 3,222 "," 7,187 "," 3,311 "," 1,822 "," 3,358 "," 4,728 "," 10,899 "," 2,354 ", 551 , 518 , 912 ," 1,173 ", 796 ," 1,728 "," 2,867 "
경기,여주시, 144 , - , - , - , - , - , - , 2 , 11 , 2 , 28 , 16 , 85 ," 1,140 ", 28 , 43 , 44 , 24 , 79 , 53 , 31 , 177 , 83 , 109 , 146 , 323 ," 57,569 ", 246 ," 5,102 "," 22,923 "," 8,544 "," 1,411 ", 449 ," 1,885 "," 6,037 "," 2,786 "," 1,730 "," 2,660 "," 3,796 "," 8,859 "," 2,262 ", 498 , 494 , 632 , 677 , 699 ," 1,403 "," 2,194 "
경기,연천군, 115 , - , 1 , - , - , - , - , - , 12 , 4 , - , 71 , 27 , 629 , 1 , 11 , 59 , 5 , 18 , 14 , 42 , 32 , 51 , 123 , 157 , 116 ," 24,614 ", 262 ," 1,476 "," 6,827 "," 3,965 ", 914 , 823 ," 2,141 "," 3,583 "," 1,420 ", 726 ," 1,426 "," 1,051 "," 3,363 ", 556 , 285 , 216 , 260 , 264 , 288 , 657 , 837 
경기,오산시, 137 , - , - , 4 , 3 , - , 1 , 2 , 13 , 9 , 7 , 43 , 55 ," 2,197 ", 104 , 45 , 78 , 71 , 42 , 29 , 152 , 252 , 225 , 320 , 294 , 585 ," 144,222 "," 1,477 "," 12,455 "," 48,704 "," 21,114 "," 3,788 "," 1,028 "," 7,352 "," 17,447 "," 8,234 "," 3,851 "," 8,308 "," 10,464 "," 26,248 "," 6,139 "," 1,665 "," 1,473 "," 1,744 "," 2,757 "," 2,261 "," 3,914 "," 6,295 "
경기,용인시 기흥구, 444 , - , 2 , 22 , 5 , 5 , 13 , 11 , 92 , 31 , 23 , 63 , 177 ," 3,939 ", 177 , 113 , 190 , 124 , 118 , 144 , 307 , 408 , 386 , 359 , 505 ," 1,108 "," 231,499 "," 1,905 "," 18,272 "," 70,568 "," 33,761 "," 7,402 "," 2,224 "," 13,813 "," 28,686 "," 12,304 "," 7,545 "," 15,775 "," 19,244 "," 46,932 "," 9,984 "," 2,646 "," 3,148 "," 3,725 "," 5,425 "," 3,947 "," 7,338 "," 10,719 "
경기,용인시 수지구, 378 , - , 3 , 14 , 8 , 3 , 10 , 11 , 66 , 15 , 13 , 51 , 184 ," 4,127 ", 207 , 83 , 118 , 214 , 139 , 161 , 288 , 363 , 493 , 263 , 441 ," 1,357 "," 194,903 "," 2,216 "," 13,370 "," 63,234 "," 28,173 "," 6,089 "," 1,964 "," 12,710 "," 23,200 "," 9,975 "," 6,417 "," 12,757 "," 14,798 "," 36,086 "," 7,361 "," 2,227 "," 2,608 "," 2,765 "," 3,830 "," 3,244 "," 5,608 "," 8,443 "
경기,용인시 처인구, 144 , - , - , 8 , - , 3 , 3 , 1 , 23 , 11 , 4 , 32 , 59 ," 3,127 ", 63 , 59 , 110 , 86 , 93 , 128 , 137 , 277 , 341 , 489 , 438 , 906 ," 174,195 "," 1,726 "," 19,896 "," 68,982 "," 21,865 "," 4,208 "," 1,138 "," 7,312 "," 18,138 "," 8,127 "," 3,825 "," 8,889 "," 10,089 "," 24,855 "," 5,438 "," 1,417 "," 1,715 "," 1,803 "," 2,590 "," 2,062 "," 3,724 "," 6,106 "
경기,의왕시, 131 , - , - , 5 , - , 3 , 2 , 1 , 6 , 6 , 3 , 18 , 87 ," 1,777 ", 49 , 31 , 28 , 69 , 50 , 36 , 121 , 103 , 148 , 86 , 280 , 776 ," 94,795 ", 811 ," 10,002 "," 36,331 "," 13,028 "," 2,332 ", 668 ," 4,290 "," 9,651 "," 4,158 "," 2,561 "," 4,858 "," 6,105 "," 13,638 "," 2,810 ", 743 , 843 ," 1,035 "," 1,630 "," 1,191 "," 2,014 "," 3,372 "
경기,의정부시, 690 , - , - , 6 , 30 , 2 , 8 , 25 , 55 , 43 , 90 , 96 , 335 ," 6,376 ", 173 , 86 , 133 , 143 , 198 , 196 , 402 , 380 , 630 , 748 ," 1,026 "," 2,261 "," 252,968 "," 2,576 "," 24,989 "," 94,164 "," 33,752 "," 5,474 "," 1,461 "," 11,069 "," 26,790 "," 13,815 "," 8,443 "," 14,721 "," 15,714 "," 47,264 "," 9,164 "," 2,780 "," 3,082 "," 3,523 "," 5,492 "," 4,204 "," 7,574 "," 11,445 "
경기,이천시, 168 , - , 6 , 3 , 1 , - , 5 , 2 , 17 , 33 , 6 , 15 , 80 ," 3,183 ", 75 , 49 , 286 , 98 , 205 , 167 , 169 , 283 , 415 , 344 , 369 , 723 ," 139,796 ", 957 ," 12,277 "," 49,846 "," 19,605 "," 3,670 "," 1,012 "," 6,155 "," 17,846 "," 6,679 "," 3,765 "," 8,130 "," 9,854 "," 21,252 "," 4,642 "," 1,137 "," 1,536 "," 1,825 "," 2,127 "," 1,527 "," 3,569 "," 4,889 "
경기,파주시, 507 , - , 2 , 2 , 1 , 3 , 6 , 9 , 76 , 21 , 6 , 59 , 322 ," 4,991 ", 137 , 113 , 133 , 134 , 100 , 102 , 242 , 475 , 381 , 717 , 900 ," 1,557 "," 275,811 "," 1,821 "," 26,401 "," 90,090 "," 38,946 "," 8,457 "," 3,414 "," 19,262 "," 28,837 "," 13,769 "," 8,721 "," 16,015 "," 20,078 "," 49,831 "," 10,633 "," 2,642 "," 2,880 "," 3,601 "," 5,032 "," 4,969 "," 7,864 "," 12,210 "
경기,평택시, 819 , - , 3 , 13 , 25 , 7 , 11 , 86 , 100 , 67 , 69 , 121 , 317 ," 8,590 ", 437 , 213 , 272 , 161 , 172 , 169 , 620 ," 1,011 "," 1,138 ", 925 , 820 ," 2,652 "," 358,424 "," 9,767 "," 30,073 "," 127,823 "," 47,955 "," 9,154 "," 3,020 "," 16,053 "," 41,299 "," 19,661 "," 9,897 "," 19,277 "," 24,445 "," 59,809 "," 12,592 "," 3,818 "," 3,851 "," 4,249 "," 5,847 "," 5,129 "," 9,863 "," 14,460 "
경기,포천시, 296 , - , 4 , 4 , 13 , - , 1 , 19 , 24 , 12 , 61 , 47 , 111 ," 1,738 ", 12 , 31 , 95 , 69 , 30 , 27 , 58 , 147 , 220 , 198 , 326 , 525 ," 76,568 ", 808 ," 7,979 "," 25,625 "," 11,400 "," 2,583 ", 830 ," 3,223 "," 8,610 "," 4,584 "," 2,435 "," 4,303 "," 4,188 "," 12,320 "," 2,391 ", 762 , 807 , 857 ," 1,521 ", 991 ," 1,652 "," 3,339 "
경기,하남시, 265 , - , - , 1 , 6 , 4 , 1 , 1 , 27 , 18 , 10 , 30 , 167 ," 4,270 ", 64 , 62 , 113 , 139 , 136 , 159 , 313 , 386 , 427 , 361 , 529 ," 1,581 "," 177,721 "," 1,344 "," 17,857 "," 66,893 "," 22,609 "," 4,166 "," 1,340 "," 9,870 "," 18,825 "," 8,072 "," 4,915 "," 9,905 "," 11,925 "," 33,913 "," 6,569 "," 2,002 "," 2,376 "," 2,474 "," 3,677 "," 3,073 "," 5,544 "," 8,198 "
경기,화성시, 398 , - , 3 , 14 , 5 , 4 , 14 , 8 , 49 , 36 , 20 , 69 , 176 ," 8,756 ", 185 , 150 , 303 , 254 , 136 , 204 , 572 ," 1,299 "," 1,610 "," 1,053 "," 1,021 "," 1,969 "," 564,132 "," 4,635 "," 46,159 "," 189,984 "," 85,694 "," 15,390 "," 4,697 "," 29,880 "," 64,946 "," 29,302 "," 15,979 "," 33,306 "," 44,160 "," 104,847 "," 23,674 "," 6,670 "," 6,621 "," 6,901 "," 10,553 "," 8,773 "," 16,368 "," 25,287 "
강원,합계," 1,207 ", - , 7 , 29 , 17 , 4 , 8 , 9 , 115 , 35 , 55 , 373 , 555 ," 11,198 ", 488 , 169 , 466 , 354 , 501 , 374 , 934 , 967 , 977 , 762 ," 1,440 "," 3,766 "," 847,429 "," 3,575 "," 44,901 "," 273,256 "," 146,314 "," 34,054 "," 10,701 "," 41,384 "," 111,505 "," 48,205 "," 28,704 "," 52,116 "," 52,714 "," 145,993 "," 28,995 "," 8,686 "," 7,628 "," 9,056 "," 14,456 "," 12,002 "," 25,734 "," 39,436 "
강원,강릉시, 117 , - , 1 , 7 , 1 , 1 , - , 3 , 5 , 3 , 8 , 8 , 80 ," 1,568 ", 33 , 17 , 24 , 88 , 155 , 28 , 340 , 205 , 163 , 54 , 92 , 369 ," 115,513 ", 394 ," 5,847 "," 36,909 "," 18,868 "," 4,000 "," 1,085 "," 5,964 "," 17,725 "," 6,292 "," 3,894 "," 7,379 "," 7,156 "," 21,863 "," 4,572 "," 1,228 ", 741 , 686 ," 1,929 "," 1,935 "," 4,340 "," 6,432 "
강원,고성군, 2 , - , - , - , - , - , - , - , 1 , - , 1 , - , - , 225 , 5 , 8 , 14 , 3 , 1 , 1 , 4 , 18 , 22 , 15 , 29 , 105 ," 13,759 ", 69 , 695 ," 3,758 "," 2,577 ", 785 , 355 ," 1,211 "," 1,811 ", 550 , 281 , 766 , 901 ," 2,379 ", 524 , 193 , 147 , 78 , 168 , 239 , 379 , 651 
강원,동해시, 133 , - , - , - , - , - , - , - , - , 1 , - , 1 , 131 , 663 , 102 , 13 , 69 , 20 , 32 , 9 , 30 , 108 , 41 , 14 , 18 , 207 ," 47,787 ", 215 ," 2,871 "," 15,159 "," 8,309 "," 1,879 ", 491 ," 2,055 "," 6,152 "," 2,934 "," 2,021 "," 2,824 "," 2,877 "," 10,221 "," 1,964 ", 546 , 253 , 511 ," 1,411 ", 990 ," 1,953 "," 2,593 "
강원,삼척시, 7 , - , 1 , - , - , - , - , - , - , - , - , 2 , 4 , 185 , 6 , 1 , 4 , 4 , 4 , 1 , 22 , 13 , 24 , 13 , 42 , 51 ," 28,749 ", 36 ," 1,727 "," 9,859 "," 5,075 "," 1,176 ", 195 ," 1,077 "," 3,860 "," 1,489 "," 1,120 "," 1,669 "," 1,466 "," 4,266 ", 926 , 280 , 232 , 192 , 376 , 368 , 778 ," 1,114 "
강원,속초시, 55 , - , 2 , 1 , - , - , - , 2 , 1 , - , - , 28 , 21 ," 1,080 ", 47 , 19 , 117 , 16 , 13 , 26 , 59 , 113 , 171 , 47 , 75 , 377 ," 45,886 ", 200 ," 3,136 "," 14,453 "," 7,540 "," 1,570 ", 375 ," 2,615 "," 7,126 "," 2,153 "," 1,177 "," 2,703 "," 2,838 "," 6,955 "," 1,570 ", 426 , 388 , 276 , 659 , 569 ," 1,126 "," 1,941 "
강원,양구군, 9 , - , - , - , - , - , - , - , - , - , - , 2 , 7 , 178 , 3 , - , - , - , - , 3 , 6 , 6 , 44 , 12 , 26 , 78 ," 15,504 ", 80 , 439 ," 4,414 "," 2,951 ", 511 , 414 ," 1,126 "," 2,019 ", 958 , 428 ," 1,090 "," 1,074 "," 2,830 ", 504 , 139 , 116 , 123 , 180 , 278 , 517 , 973 
강원,양양군, 6 , - , - , - , 1 , - , - , - , 1 , 1 , - , 2 , 1 , 266 , 7 , - , 13 , 17 , 4 , 2 , 83 , 21 , 15 , 6 , 26 , 72 ," 12,973 ", 44 , 613 ," 3,740 "," 2,392 ", 446 , 210 , 840 ," 2,029 ", 860 , 373 , 742 , 684 ," 1,957 ", 532 , 109 , 59 , 143 , 173 , 102 , 196 , 643 
강원,영월군, 29 , - , - , - , 1 , - , - , 2 , 2 , - , 1 , 11 , 12 , 181 , 24 , - , 4 , 3 , 4 , 1 , 7 , 18 , 12 , 14 , 3 , 91 ," 15,895 ", 46 , 715 ," 4,932 "," 3,026 ", 578 , 125 , 607 ," 2,226 "," 1,048 ", 624 , 881 ," 1,087 "," 2,842 ", 545 , 248 , 207 , 223 , 206 , 178 , 571 , 664 
강원,원주시, 319 , - , 1 , 16 , 2 , 2 , 4 , 1 , 80 , 17 , 31 , 80 , 85 ," 2,760 ", 128 , 26 , 68 , 99 , 97 , 68 , 168 , 178 , 247 , 307 , 446 , 928 ," 205,008 "," 1,077 "," 11,260 "," 68,431 "," 34,239 "," 7,141 "," 1,985 "," 8,846 "," 25,675 "," 11,549 "," 6,884 "," 14,089 "," 13,832 "," 36,123 "," 6,741 "," 2,087 "," 2,191 "," 2,504 "," 3,808 "," 2,850 "," 6,728 "," 9,214 "
강원,인제군, 37 , - , - , 1 , - , - , - , - , - , - , - , 34 , 2 , 107 , 5 , 2 , 2 , 3 , 5 , 7 , 4 , 7 , 34 , 6 , 5 , 27 ," 21,267 ", 26 , 544 ," 6,116 "," 4,251 "," 1,093 ", 648 ," 1,241 "," 2,770 "," 1,302 ", 738 ," 1,181 "," 1,357 "," 4,009 ", 633 , 139 , 171 , 420 , 334 , 387 , 644 ," 1,281 "
강원,정선군, 19 , - , - , - , - , - , - , - , - , - , - , - , 19 , 148 , - , 19 , 9 , 6 , 2 , - , 6 , 34 , 19 , 13 , 6 , 34 ," 13,197 ", 92 , 527 ," 3,907 "," 2,611 ", 566 , 68 , 527 ," 1,769 ", 889 , 520 ," 1,113 ", 608 ," 2,048 ", 484 , 136 , 85 , 66 , 209 , 180 , 312 , 576 
강원,철원군, 182 , - , - , - , 9 , 1 , 1 , - , 3 , - , - , 114 , 54 , 326 , 28 , 13 , - , 7 , 32 , - , 7 , 11 , 15 , 11 , 102 , 100 ," 27,797 ", 111 ," 1,344 "," 7,452 "," 5,419 "," 2,360 ", 899 ," 1,453 "," 3,467 "," 1,666 ", 870 ," 1,313 "," 1,443 "," 4,124 ", 689 , 368 , 328 , 508 , 388 , 225 , 685 , 933 
강원,춘천시, 159 , - , 2 , 3 , 2 , - , 3 , - , 17 , 3 , 1 , 52 , 76 ," 1,859 ", 37 , 17 , 29 , 23 , 73 , 174 , 76 , 123 , 88 , 139 , 350 , 730 ," 170,404 ", 770 ," 9,344 "," 59,549 "," 28,214 "," 5,825 "," 1,915 "," 8,248 "," 20,006 "," 9,834 "," 6,379 "," 9,779 "," 10,541 "," 28,829 "," 5,793 "," 1,506 "," 1,743 "," 2,307 "," 3,128 "," 2,550 "," 4,628 "," 7,174 "
강원,태백시, 4 , - , - , 1 , - , - , - , - , - , - , - , 1 , 2 , 290 , 1 , 1 , 2 , - , 18 , 11 , 27 , 17 , 32 , 46 , 78 , 57 ," 21,770 ", 50 ," 1,701 "," 7,955 "," 3,923 ", 759 , 78 , 435 ," 2,226 "," 1,515 ", 796 ," 1,419 ", 913 ," 3,069 ", 740 , 260 , 131 , 148 , 245 , 181 , 429 , 935 
강원,평창군, 24 , - , - , - , - , - , - , 1 , - , - , - , 3 , 20 , 262 , 14 , 1 , 85 , 25 , 26 , 6 , 11 , 5 , 15 , 16 , 13 , 45 ," 15,478 ", 66 , 874 ," 5,524 "," 2,606 ", 548 , 52 , 507 ," 1,771 ", 884 , 573 ," 1,150 ", 923 ," 2,244 ", 612 , 123 , 90 , 176 , 171 , 121 , 338 , 613 
강원,홍천군, 75 , - , - , - , - , - , - , - , 3 , 8 , 13 , 24 , 27 , 673 , 43 , 8 , 23 , 23 , 34 , 24 , 58 , 43 , 12 , 30 , 66 , 309 ," 35,711 ", 185 ," 1,618 "," 9,894 "," 6,719 "," 1,517 ", 639 ," 2,165 "," 5,325 "," 2,070 ", 893 ," 2,070 "," 2,616 "," 6,035 "," 1,228 ", 421 , 418 , 259 , 430 , 393 ," 1,025 "," 1,861 "
강원,화천군, 16 , - , - , - , - , - , - , - , 1 , 1 , - , 9 , 5 , 206 , 3 , 13 , 2 , 1 , - , 1 , 19 , 27 , 5 , 5 , 34 , 96 ," 20,949 ", 50 , 597 ," 4,838 "," 4,293 "," 2,687 "," 1,028 "," 1,477 "," 2,838 ", 917 , 405 , 685 ," 1,134 "," 3,034 ", 455 , 193 , 156 , 152 , 347 , 173 , 607 , 951 
강원,횡성군, 14 , - , - , - , 1 , - , - , - , 1 , 1 , - , 2 , 9 , 221 , 2 , 11 , 1 , 16 , 1 , 12 , 7 , 20 , 18 , 14 , 29 , 90 ," 19,782 ", 64 ," 1,049 "," 6,366 "," 3,301 ", 613 , 139 , 990 ," 2,710 "," 1,295 ", 728 ," 1,263 "," 1,264 "," 3,165 ", 483 , 284 , 172 , 284 , 294 , 283 , 478 , 887 
충북,합계," 1,163 ", - , 10 , 34 , 1 , 15 , 4 , 9 , 55 , 43 , 18 , 138 , 836 ," 10,335 ", 411 , 182 , 434 , 438 , 315 , 363 , 544 ," 1,302 "," 1,192 "," 1,556 ", 945 ," 2,653 "," 900,824 "," 3,783 "," 53,197 "," 302,454 "," 150,812 "," 31,545 "," 7,802 "," 42,555 "," 118,119 "," 53,556 "," 25,425 "," 50,996 "," 60,580 "," 163,137 "," 33,411 "," 10,898 "," 10,448 "," 10,686 "," 16,093 "," 12,399 "," 26,383 "," 42,819 "
충북,괴산군, 72 , - , - , 11 , - , 8 , - , - , - , - , - , - , 53 , 192 , 7 , 4 , 2 , 22 , 1 , - , 13 , 47 , 25 , 8 , 12 , 51 ," 16,067 ", 73 , 733 ," 5,686 "," 2,444 ", 540 , 205 , 827 ," 2,080 "," 1,159 ", 466 , 777 ," 1,077 "," 2,836 ", 777 , 163 , 124 , 121 , 174 , 190 , 615 , 672 
충북,단양군, 7 , - , - , 1 , - , - , - , - , - , - , 1 , 1 , 4 , 115 , - , 1 , 2 , 7 , 8 , 1 , 29 , 11 , 2 , 5 , 15 , 34 ," 11,235 ", 33 , 597 ," 4,070 "," 1,794 ", 433 , 87 , 460 ," 1,621 ", 675 , 314 , 692 , 459 ," 1,337 ", 308 , 125 , 66 , 60 , 100 , 72 , 190 , 416 
충북,보은군, 3 , - , - , - , - , - , - , - , 2 , - , - , - , 1 , 166 , 2 , 15 , - , 1 , 3 , 3 , 9 , 11 , 5 , 27 , 17 , 73 ," 14,898 ", 24 , 729 ," 4,416 "," 3,107 ", 540 , 63 , 525 ," 2,279 ", 760 , 368 , 953 ," 1,134 "," 2,729 ", 588 , 152 , 103 , 131 , 228 , 220 , 498 , 809 
충북,영동군, 14 , - , - , - , - , - , - , 1 , 1 , 2 , - , - , 10 , 180 , - , 17 , 4 , 1 , 15 , 14 , 22 , 36 , 15 , 7 , 9 , 40 ," 21,152 ", 38 ," 1,049 "," 5,588 "," 4,407 ", 721 , 167 , 775 ," 2,798 "," 1,629 ", 761 ," 1,583 "," 1,636 "," 4,311 ", 759 , 212 , 377 , 328 , 483 , 302 , 555 ," 1,295 "
충북,옥천군, 15 , - , - , - , - , - , 1 , 1 , 5 , 1 , - , 2 , 5 , 145 , 8 , 2 , 3 , 20 , 3 , 3 , 8 , 7 , 13 , 2 , 8 , 68 ," 23,356 ", 34 ," 1,170 "," 7,527 "," 4,298 ", 999 , 165 , 871 ," 3,132 "," 1,499 ", 804 ," 1,526 "," 1,331 "," 5,081 "," 1,019 ", 308 , 196 , 291 , 394 , 370 ," 1,125 "," 1,378 "
충북,음성군, 170 , - , 1 , 4 , - , - , 1 , 2 , 1 , 7 , - , 14 , 140 ," 1,237 ", 74 , 17 , 74 , 27 , 59 , 13 , 86 , 66 , 148 , 332 , 77 , 264 ," 49,063 ", 236 ," 2,809 "," 16,108 "," 7,783 "," 1,729 ", 451 ," 2,099 "," 6,513 "," 3,323 "," 1,663 "," 2,831 "," 3,518 "," 9,100 "," 2,152 ", 741 , 531 , 475 , 614 , 591 ," 1,493 "," 2,503 "
충북,제천시, 255 , - , - , - , - , - , - , - , 2 , - , 1 , 54 , 198 , 698 , 8 , 4 , 77 , 18 , 15 , 10 , 30 , 39 , 38 , 40 , 139 , 280 ," 70,299 ", 154 ," 2,713 "," 24,033 "," 13,153 "," 2,594 ", 425 ," 2,531 "," 8,546 "," 3,918 "," 2,733 "," 5,504 "," 3,995 "," 12,155 "," 2,282 ", 815 , 945 ," 1,053 "," 1,431 ", 870 ," 1,612 "," 3,147 "
충북,증평군, 22 , - , 1 , 1 , - , - , - , - , - , 1 , - , - , 19 , 209 , 2 , - , 41 , 40 , 5 , - , 16 , 13 , 9 , 16 , 29 , 38 ," 23,690 ", 142 ," 1,252 "," 9,277 "," 3,857 ", 800 , 316 ," 1,409 "," 2,623 "," 1,421 ", 682 , 912 , 999 ," 3,574 ", 717 , 317 , 185 , 196 , 421 , 232 , 543 , 963 
충북,진천군, 98 , - , - , 2 , - , - , - , - , 4 , 11 , 1 , 5 , 75 ," 1,099 ", 80 , 35 , 70 , 36 , 15 , 29 , 30 , 74 , 197 , 223 , 130 , 180 ," 53,003 ", 425 ," 4,632 "," 18,870 "," 8,646 "," 1,425 ", 316 ," 2,103 "," 6,511 "," 3,093 "," 1,355 "," 2,558 "," 3,069 "," 8,409 "," 1,754 ", 584 , 567 , 570 , 682 , 764 ," 1,450 "," 2,038 "
충북,청주시 상당구, 95 , - , 2 , 4 , - , 2 , - , 2 , 15 , 8 , 7 , 8 , 47 ," 1,082 ", 45 , 9 , 16 , 41 , 56 , 26 , 53 , 123 , 140 , 119 , 107 , 347 ," 119,361 ", 578 ," 8,548 "," 47,065 "," 17,237 "," 3,439 ", 894 ," 5,582 "," 14,196 "," 6,255 "," 2,592 "," 5,555 "," 7,420 "," 19,044 "," 3,829 "," 1,227 "," 1,226 "," 1,162 "," 1,973 "," 1,398 "," 3,200 "," 5,029 "
충북,청주시 서원구, 154 , - , - , - , - , 2 , - , 3 , 8 , 10 , - , 11 , 120 ," 1,399 ", 22 , 12 , 34 , 48 , 43 , 85 , 79 , 213 , 220 , 197 , 126 , 320 ," 115,280 ", 594 ," 7,157 "," 39,214 "," 19,119 "," 3,927 ", 985 ," 5,489 "," 15,043 "," 6,201 "," 2,731 "," 6,205 "," 8,615 "," 21,249 "," 4,166 "," 1,397 "," 1,414 "," 1,461 "," 2,274 "," 1,767 "," 3,326 "," 5,444 "
충북,청주시 청원구, 76 , - , 2 , - , - , 1 , - , - , 3 , 1 , 2 , 21 , 46 , 907 , 25 , 11 , 23 , 42 , 30 , 47 , 40 , 148 , 79 , 188 , 63 , 211 ," 113,752 ", 451 ," 5,900 "," 36,782 "," 19,599 "," 4,204 ", 990 ," 6,045 "," 15,655 "," 6,509 "," 2,724 "," 6,205 "," 8,688 "," 20,270 "," 4,385 "," 1,341 "," 1,193 "," 1,336 "," 2,043 "," 1,431 "," 3,163 "," 5,378 "
충북,청주시 흥덕구, 98 , - , - , 3 , - , 1 , 2 , - , 8 , 2 , 3 , 12 , 67 ," 1,389 ", 32 , 29 , 65 , 121 , 39 , 76 , 56 , 166 , 185 , 218 , 108 , 294 ," 151,830 ", 587 ," 8,681 "," 45,184 "," 26,249 "," 5,355 "," 1,595 "," 8,972 "," 21,813 "," 8,895 "," 4,143 "," 9,110 "," 11,246 "," 29,570 "," 6,146 "," 1,944 "," 1,957 "," 2,132 "," 3,181 "," 2,348 "," 4,577 "," 7,285 "
충북,충주시, 84 , - , 4 , 8 , 1 , 1 , - , - , 6 , - , 3 , 10 , 51 ," 1,517 ", 106 , 26 , 23 , 14 , 23 , 56 , 73 , 348 , 116 , 174 , 105 , 453 ," 117,838 ", 414 ," 7,227 "," 38,634 "," 19,119 "," 4,839 "," 1,143 "," 4,867 "," 15,309 "," 8,219 "," 4,089 "," 6,585 "," 7,393 "," 23,472 "," 4,529 "," 1,572 "," 1,564 "," 1,370 "," 2,095 "," 1,844 "," 4,036 "," 6,462 "
충남,합계," 1,653 ", - , 48 , 80 , 15 , 3 , 21 , 23 , 142 , 152 , 57 , 358 , 754 ," 16,441 ", 363 , 428 , 187 , 402 , 505 , 266 ," 1,142 "," 1,990 "," 2,196 "," 1,467 "," 2,329 "," 5,166 "," 1,155,658 "," 6,870 "," 77,857 "," 375,411 "," 195,221 "," 39,307 "," 10,027 "," 55,686 "," 152,904 "," 66,590 "," 29,914 "," 64,109 "," 81,762 "," 216,996 "," 47,595 "," 13,283 "," 12,159 "," 14,519 "," 20,107 "," 16,544 "," 33,818 "," 58,971 "
충남,계룡시, 12 , - , 1 , - , - , - , 2 , - , 5 , 2 , - , - , 2 , 224 , 4 , - , - , 3 , 6 , 1 , 18 , 11 , 15 , 9 , 40 , 117 ," 25,233 ", 130 ," 1,674 "," 7,758 "," 4,475 ", 798 , 292 ," 1,709 "," 3,653 "," 1,232 ", 634 ," 1,289 "," 1,589 "," 4,447 ", 851 , 231 , 365 , 328 , 339 , 344 , 826 ," 1,163 "
충남,공주시, 86 , - , - , - , - , 1 , 2 , 1 , 2 , 2 , 2 , 40 , 36 , 455 , 19 , 24 , 12 , 8 , 26 , 13 , 16 , 58 , 42 , 22 , 68 , 147 ," 48,641 ", 186 ," 3,137 "," 16,266 "," 8,867 "," 1,481 ", 299 ," 1,964 "," 6,881 "," 3,002 "," 1,503 "," 2,231 "," 2,824 "," 8,901 "," 1,582 ", 540 , 670 , 592 , 779 , 641 ," 1,798 "," 2,299 "
충남,금산군, 29 , - , - , - , - , - , - , 6 , - , 14 , - , 1 , 8 , 490 , 6 , 4 , - , 6 , 1 , 2 , 41 , 82 , 29 , 88 , 181 , 50 ," 23,497 ", 78 ," 1,724 "," 7,120 "," 4,490 ", 884 , 163 , 707 ," 3,270 "," 1,646 ", 771 ," 1,284 "," 1,360 "," 4,535 ", 926 , 225 , 208 , 364 , 425 , 345 , 775 ," 1,267 "
충남,논산시, 49 , - , - , - , 2 , - , 4 , 2 , 3 , 9 , 4 , 4 , 21 ," 1,068 ", 3 , 5 , 4 , 18 , 8 , 17 , 126 , 219 , 201 , 139 , 127 , 201 ," 73,663 ", 300 ," 4,461 "," 19,672 "," 12,448 "," 3,453 "," 1,460 "," 5,473 "," 11,760 "," 4,265 "," 2,131 "," 3,429 "," 4,811 "," 17,026 "," 2,789 ", 812 , 851 ," 1,095 "," 1,679 "," 1,594 "," 3,062 "," 5,144 "
충남,당진시, 151 , - , - , - , - , - , - , 3 , 9 , 1 , 1 , 5 , 132 ," 1,622 ", 21 , 69 , 22 , 104 , 12 , 10 , 94 , 217 , 180 , 230 , 191 , 472 ," 91,586 ", 632 ," 5,894 "," 30,364 "," 15,882 "," 3,105 ", 627 ," 4,051 "," 11,414 "," 4,533 "," 2,223 "," 5,715 "," 7,146 "," 16,214 "," 3,521 "," 1,096 ", 986 ," 1,184 "," 1,527 "," 1,191 "," 2,181 "," 4,528 "
충남,보령시, 91 , - , - , - , - , - , - , - , 2 , 19 , 4 , 5 , 61 , 645 , 30 , 29 , 1 , 6 , 3 , 4 , 30 , 31 , 42 , 34 , 35 , 400 ," 43,699 ", 156 ," 2,434 "," 13,728 "," 8,249 "," 2,047 ", 349 ," 2,237 "," 5,915 "," 2,666 "," 1,178 "," 2,371 "," 2,369 "," 8,070 "," 1,937 ", 407 , 303 , 555 , 601 , 408 ," 1,290 "," 2,569 "
충남,부여군, 16 , - , - , 5 , 6 , - , 1 , 1 , 2 , - , - , 1 , - , 529 , 1 , 1 , 4 , 33 , 21 , 3 , 11 , 49 , 216 , 76 , 54 , 60 ," 26,814 ", 127 ," 1,717 "," 8,779 "," 4,269 ", 749 , 114 ," 1,724 "," 3,965 "," 1,345 ", 704 ," 1,533 "," 1,788 "," 4,598 "," 1,041 ", 261 , 152 , 382 , 517 , 203 , 370 ," 1,672 "
충남,서산시, 144 , - , - , 8 , - , 1 , - , 2 , 10 , 4 , 1 , 24 , 94 , 950 , 16 , 13 , 26 , 16 , 50 , 49 , 110 , 180 , 108 , 77 , 60 , 245 ," 96,565 ", 390 ," 5,022 "," 31,552 "," 16,048 "," 3,139 ", 858 ," 5,322 "," 13,631 "," 4,869 "," 2,293 "," 5,213 "," 8,228 "," 17,644 "," 4,603 "," 1,044 ", 760 , 733 ," 1,233 "," 1,333 "," 2,876 "," 5,062 "
충남,서천군, 27 , - , - , - , 1 , - , - , - , 1 , 1 , 1 , - , 23 , 284 , 37 , 13 , 1 , 14 , 5 , 1 , 2 , 15 , 13 , 2 , 43 , 138 ," 23,145 ", 39 ," 1,295 "," 7,067 "," 4,206 ", 701 , 77 ," 2,197 "," 2,963 "," 1,079 ", 367 ," 1,355 "," 1,799 "," 4,936 "," 1,133 ", 406 , 272 , 194 , 304 , 235 , 866 ," 1,526 "
충남,아산시, 209 , - , - , 3 , 1 , - , 7 , 6 , 17 , 15 , 5 , 82 , 73 ," 2,767 ", 54 , 100 , 34 , 88 , 171 , 59 , 135 , 328 , 503 , 222 , 282 , 791 ," 185,757 "," 1,401 "," 14,666 "," 61,738 "," 30,010 "," 6,220 "," 1,430 "," 7,379 "," 22,885 "," 11,481 "," 4,850 "," 10,206 "," 13,491 "," 35,847 "," 7,877 "," 2,186 "," 1,967 "," 2,532 "," 3,804 "," 2,902 "," 5,609 "," 8,970 "
충남,예산군, 15 , - , - , - , - , - , - , - , - , 4 , 2 , 1 , 8 , 444 , - , 7 , 9 , 4 , 9 , 5 , 25 , 39 , 91 , 36 , 82 , 137 ," 33,379 ", 109 ," 2,054 "," 11,398 "," 5,702 "," 1,012 ", 212 ," 1,465 "," 4,427 "," 1,883 ", 786 ," 2,209 "," 2,122 "," 5,377 "," 1,277 ", 364 , 234 , 462 , 545 , 277 , 594 ," 1,624 "
충남,천안시 동남구, 348 , - , 12 , 25 , 3 , 1 , 3 , 2 , 58 , 27 , 24 , 70 , 123 ," 2,013 ", 69 , 36 , 8 , 22 , 58 , 23 , 133 , 200 , 255 , 136 , 417 , 656 ," 128,554 "," 1,029 "," 11,357 "," 45,294 "," 19,864 "," 4,102 "," 1,050 "," 4,498 "," 15,164 "," 7,319 "," 3,184 "," 7,199 "," 8,494 "," 23,952 "," 4,909 "," 1,475 "," 1,484 "," 1,982 "," 2,294 "," 1,984 "," 3,761 "," 6,063 "
충남,천안시 서북구, 349 , - , 35 , 36 , 2 , - , - , - , 18 , 15 , 12 , 123 , 108 ," 3,772 ", 80 , 99 , 41 , 73 , 112 , 69 , 320 , 467 , 407 , 277 , 610 ," 1,217 "," 262,714 "," 1,916 "," 16,923 "," 84,051 "," 45,210 "," 8,697 "," 2,501 "," 13,282 "," 33,740 "," 15,300 "," 6,751 "," 14,795 "," 19,548 "," 49,808 "," 11,133 "," 3,164 "," 3,027 "," 3,387 "," 4,807 "," 4,144 "," 7,636 "," 12,510 "
충남,청양군, 50 , - , - , - , - , - , - , - , 1 , 23 , - , - , 26 , 108 , 2 , 25 , - , 1 , - , - , 13 , - , 4 , 4 , 10 , 49 ," 11,842 ", 71 , 802 ," 3,728 "," 2,194 ", 429 , 75 , 434 ," 1,806 ", 680 , 273 , 581 , 769 ," 1,804 ", 432 , 102 , 115 , 66 , 111 , 132 , 202 , 644 
충남,태안군, 26 , - , - , 1 , - , - , - , - , 10 , - , - , 1 , 14 , 267 , 7 , - , 4 , 1 , 13 , 4 , 39 , 61 , 23 , 16 , 38 , 61 ," 25,935 ", 162 ," 1,439 "," 8,873 "," 4,563 ", 757 , 170 , 969 ," 3,592 "," 1,304 ", 636 ," 1,633 "," 1,837 "," 4,254 "," 1,253 ", 291 , 215 , 169 , 271 , 227 , 548 ," 1,280 "
충남,홍성군, 51 , - , - , 2 , - , - , 2 , - , 4 , 16 , 1 , 1 , 25 , 803 , 14 , 3 , 21 , 5 , 10 , 6 , 29 , 33 , 67 , 99 , 91 , 425 ," 54,634 ", 144 ," 3,258 "," 18,023 "," 8,744 "," 1,733 ", 350 ," 2,275 "," 7,838 "," 3,986 "," 1,630 "," 3,066 "," 3,587 "," 9,583 "," 2,331 ", 679 , 550 , 494 , 871 , 584 ," 1,424 "," 2,650 "
전북,합계, 837 , 1 , 4 , 8 , 5 , 3 , 6 , 12 , 48 , 41 , 38 , 168 , 503 ," 8,731 ", 202 , 152 , 260 , 485 , 289 , 139 , 403 , 821 , 927 , 672 ," 1,145 "," 3,236 "," 963,247 "," 5,370 "," 61,945 "," 317,844 "," 166,685 "," 36,426 "," 7,934 "," 43,935 "," 134,889 "," 55,505 "," 23,181 "," 47,877 "," 61,656 "," 195,088 "," 37,528 "," 12,599 "," 12,490 "," 12,121 "," 16,516 "," 14,349 "," 31,739 "," 57,746 "
전북,고창군, 12 , - , - , - , - , - , - , 1 , 1 , 1 , 2 , 1 , 6 , 290 , 2 , 3 , 1 , 2 , 11 , 4 , 2 , 15 , 8 , 7 , 114 , 121 ," 24,140 ", 83 ," 1,251 "," 7,198 "," 4,781 ", 882 , 154 , 546 ," 3,507 "," 1,703 ", 698 ," 1,428 "," 1,909 "," 4,065 ", 788 , 172 , 225 , 226 , 311 , 287 , 543 ," 1,513 "
전북,군산시, 164 , - , 2 , 2 , - , 1 , - , 8 , 13 , 4 , 2 , 66 , 66 ," 1,449 ", 44 , 21 , 25 , 66 , 18 , 17 , 90 , 146 , 122 , 140 , 158 , 602 ," 139,978 ", 762 ," 8,134 "," 47,611 "," 23,907 "," 4,738 "," 1,327 "," 6,691 "," 19,483 "," 7,179 "," 3,632 "," 7,309 "," 9,205 "," 28,187 "," 6,209 "," 1,773 "," 1,478 "," 1,484 "," 2,244 "," 2,577 "," 4,767 "," 7,655 "
전북,김제시, 69 , - , - , - , 1 , - , - , - , - , - , - , 1 , 67 , 420 , 17 , 5 , 7 , 6 , 35 , 11 , 53 , 16 , 34 , 29 , 56 , 151 ," 38,165 ", 424 ," 2,748 "," 13,128 "," 6,181 "," 1,284 ", 194 ," 1,273 "," 4,780 "," 2,159 "," 1,351 "," 2,067 "," 2,576 "," 8,465 "," 1,586 ", 554 , 359 , 574 , 677 , 507 ," 1,322 "," 2,886 "
전북,남원시, 15 , - , - , - , - , - , - , - , - , - , - , 1 , 14 , 350 , 26 , 13 , 3 , 3 , 16 , 8 , 14 , 17 , 34 , 67 , 37 , 112 ," 40,147 ", 163 ," 2,215 "," 13,898 "," 7,420 "," 1,456 ", 309 ," 1,230 "," 4,857 "," 2,287 "," 1,253 "," 2,471 "," 2,588 "," 7,650 "," 1,472 ", 430 , 409 , 331 , 384 , 809 ," 1,653 "," 2,162 "
전북,무주군, 1 , - , - , - , - , - , - , - , 1 , - , - , - , - , 60 , 4 , 1 , 5 , 2 , 9 , - , 6 , 10 , 10 , 2 , 4 , 7 ," 11,874 ", 26 , 699 ," 3,137 "," 2,019 ", 622 , 74 , 720 ," 1,827 ", 769 , 260 , 755 , 966 ," 2,298 ", 540 , 172 , 111 , 146 , 181 , 125 , 216 , 807 
전북,부안군, 8 , - , - , - , - , - , - , - , - , - , - , 1 , 7 , 269 , 1 , - , 4 , 1 , - , 4 , - , 77 , 27 , 13 , 89 , 53 ," 21,640 ", 308 ," 1,355 "," 6,215 "," 5,025 ", 914 , 193 ," 1,003 "," 2,700 "," 1,142 ", 407 ," 1,046 "," 1,332 "," 4,130 ", 689 , 191 , 203 , 278 , 328 , 312 , 663 ," 1,466 "
전북,순창군, 81 , - , - , - , - , - , - , - , - , - , - , - , 81 , 148 , 44 , - , - , 5 , 2 , - , 3 , 1 , 57 , 3 , - , 33 ," 11,754 ", 35 , 637 ," 3,460 "," 2,001 ", 484 , 103 , 555 ," 2,141 ", 647 , 243 , 818 , 630 ," 2,007 ", 311 , 126 , 90 , 81 , 172 , 167 , 305 , 755 
전북,완주군, 26 , - , - , - , - , - , - , 1 , - , 1 , - , 1 , 23 , 574 , - , 11 , 23 , 50 , 18 , 1 , 16 , 28 , 34 , 86 , 124 , 183 ," 53,723 ", 373 ," 3,050 "," 17,700 "," 9,662 "," 1,971 ", 478 ," 2,500 "," 7,696 "," 3,189 "," 1,255 "," 2,573 "," 3,276 "," 10,355 "," 1,976 ", 668 , 728 , 649 , 860 , 769 ," 1,937 "," 2,768 "
전북,익산시, 184 , 1 , - , 1 , - , 2 , 3 , 1 , 5 , 12 , 2 , 65 , 92 ," 1,343 ", 18 , 7 , 34 , 147 , 57 , 43 , 83 , 90 , 106 , 63 , 106 , 589 ," 150,255 ", 775 ," 10,093 "," 48,084 "," 26,001 "," 5,371 "," 1,370 "," 6,283 "," 22,253 "," 8,752 "," 3,651 "," 7,649 "," 9,973 "," 28,873 "," 5,514 "," 1,661 "," 1,793 "," 1,629 "," 2,627 "," 1,888 "," 4,013 "," 9,748 "
전북,임실군, 4 , - , - , - , - , - , - , - , 1 , 2 , 1 , - , - , 62 , - , - , 2 , 6 , - , - , 4 , 5 , 12 , 2 , 5 , 26 ," 12,624 ", 41 , 515 ," 3,763 "," 2,624 ", 509 , 133 , 674 ," 1,810 ", 799 , 289 , 628 , 839 ," 3,031 ", 620 , 157 , 207 , 142 , 201 , 234 , 556 , 914 
전북,장수군, 1 , - , - , - , 1 , - , - , - , - , - , - , - , - , 56 , - , - , - , 1 , 33 , - , - , 6 , 2 , - , 3 , 11 ," 8,637 ", 24 , 337 ," 2,715 "," 1,549 ", 423 , 86 , 353 ," 1,109 ", 624 , 301 , 584 , 532 ," 1,786 ", 316 , 111 , 100 , 102 , 180 , 96 , 237 , 644 
전북,전주시 덕진구, 6 , - , - , - , 1 , - , - , - , 1 , - , - , 1 , 3 , 207 , 1 , 1 , 4 , 6 , 4 , 2 , 2 , 14 , 20 , 23 , 13 , 117 ," 134,510 ", 228 ," 3,020 "," 35,417 "," 25,727 "," 6,510 "," 1,297 "," 8,869 "," 22,493 "," 9,180 "," 3,485 "," 7,723 "," 10,561 "," 37,654 "," 6,726 "," 2,653 "," 2,738 "," 2,518 "," 3,232 "," 2,765 "," 6,311 "," 10,711 "
전북,전주시 완산구, 226 , - , 2 , 5 , 2 , - , 2 , - , 26 , 18 , 15 , 31 , 125 ," 3,110 ", 40 , 80 , 149 , 164 , 53 , 42 , 113 , 363 , 435 , 221 , 362 ," 1,088 "," 256,216 "," 1,981 "," 24,457 "," 95,384 "," 38,665 "," 8,540 "," 1,854 "," 11,277 "," 32,215 "," 13,531 "," 4,760 "," 10,349 "," 13,203 "," 44,556 "," 8,673 "," 3,066 "," 3,171 "," 3,094 "," 4,274 "," 3,105 "," 7,187 "," 11,986 "
전북,정읍시, 37 , - , - , - , - , - , 1 , 1 , - , 3 , 16 , - , 16 , 313 , 5 , 8 , 3 , 19 , 25 , 6 , 14 , 26 , 22 , 11 , 55 , 119 ," 50,273 ", 136 ," 3,072 "," 17,488 "," 9,017 "," 2,337 ", 267 ," 1,626 "," 6,676 "," 2,929 "," 1,327 "," 1,957 "," 3,441 "," 10,138 "," 1,819 ", 629 , 672 , 758 , 670 , 601 ," 1,799 "," 3,190 "
전북,진안군, 3 , - , - , - , - , - , - , - , - , - , - , - , 3 , 80 , - , 2 , - , 7 , 8 , 1 , 3 , 7 , 4 , 5 , 19 , 24 ," 9,311 ", 11 , 362 ," 2,646 "," 2,106 ", 385 , 95 , 335 ," 1,342 ", 615 , 269 , 520 , 625 ," 1,893 ", 289 , 236 , 206 , 109 , 175 , 107 , 230 , 541 
전남,합계, 560 , - , 2 , 7 , 6 , 4 , 5 , 14 , 104 , 27 , 16 , 239 , 136 ," 5,518 ", 189 , 110 , 54 , 140 , 410 , 185 , 387 , 565 , 484 , 459 , 876 ," 1,659 "," 941,437 "," 4,950 "," 49,134 "," 311,431 "," 184,880 "," 37,349 "," 8,287 "," 34,859 "," 136,795 "," 49,724 "," 19,744 "," 40,271 "," 64,013 "," 194,923 "," 38,708 "," 12,272 "," 9,133 "," 12,222 "," 17,486 "," 15,041 "," 40,179 "," 49,882 "
전남,강진군, - , - , - , - , - , - , - , - , - , - , - , - , - , 42 , 3 , - , 1 , - , 1 , - , 3 , 3 , 4 , 5 , 11 , 11 ," 14,334 ", 47 , 563 ," 5,628 "," 2,611 ", 354 , 137 , 364 ," 2,015 ", 755 , 235 , 570 ," 1,055 "," 2,837 ", 562 , 180 , 172 , 215 , 250 , 146 , 442 , 870 
전남,고흥군, 11 , - , - , - , - , - , - , - , - , 1 , - , 1 , 9 , 306 , 2 , - , - , - , 53 , - , 1 , 6 , 11 , 44 , 74 , 115 ," 25,879 ", 97 , 836 ," 7,767 "," 5,747 "," 1,394 ", 257 , 941 ," 3,188 "," 1,580 ", 644 ," 1,378 "," 2,050 "," 5,575 "," 1,072 ", 402 , 250 , 355 , 551 , 299 , 969 ," 1,677 "
전남,곡성군, 3 , - , - , - , - , - , - , - , 3 , - , - , - , - , 59 , - , - , - , 3 , 6 , 2 , 3 , 15 , 2 , 1 , 18 , 9 ," 12,178 ", 26 , 588 ," 3,469 "," 2,410 ", 467 , 149 , 567 ," 2,100 ", 727 , 402 , 530 , 743 ," 2,558 ", 486 , 160 , 197 , 175 , 205 , 134 , 379 , 822 
전남,광양시, 78 , - , - , 1 , - , - , - , 3 , 14 , 4 , 1 , 37 , 18 , 400 , 18 , 3 , - , 3 , 30 , 9 , 24 , 54 , 78 , 28 , 36 , 117 ," 78,468 ", 208 ," 3,248 "," 23,843 "," 16,257 "," 3,790 ", 898 ," 3,423 "," 12,200 "," 4,236 "," 1,724 "," 3,463 "," 5,178 "," 17,226 "," 2,970 "," 1,085 ", 802 ," 1,166 "," 1,738 "," 1,458 "," 3,901 "," 4,106 "
전남,구례군, 6 , - , - , - , - , - , - , - , 2 , 2 , - , 2 , - , 78 , - , - , - , 1 , 1 , 3 , 3 , - , 2 , 21 , 13 , 34 ," 11,663 ", 20 , 576 ," 3,694 "," 2,589 ", 587 , 73 , 461 ," 1,696 ", 684 , 228 , 417 , 638 ," 2,656 ", 492 , 120 , 64 , 95 , 157 , 211 , 596 , 921 
전남,나주시, 40 , - , 1 , - , - , - , 1 , - , 1 , 1 , 2 , 26 , 8 , 452 , 21 , 11 , 5 , 6 , 15 , 3 , 21 , 34 , 36 , 34 , 134 , 132 ," 66,381 ", 485 ," 5,986 "," 20,267 "," 12,335 "," 2,266 ", 521 ," 2,602 "," 8,929 "," 3,741 "," 1,333 "," 3,176 "," 4,740 "," 13,276 "," 2,796 ", 846 , 752 , 892 , 962 , 876 ," 2,590 "," 3,562 "
전남,담양군, 9 , - , - , - , - , - , 1 , - , 1 , - , - , 1 , 6 , 132 , 2 , - , - , 18 , 6 , 2 , 2 , 12 , 18 , 5 , 33 , 34 ," 19,347 ", 52 ," 1,001 "," 5,727 "," 3,734 "," 1,018 ", 191 , 968 ," 2,839 "," 1,083 ", 394 ," 1,121 "," 1,219 "," 4,382 ", 757 , 304 , 223 , 388 , 344 , 252 , 881 ," 1,233 "
전남,목포시, 43 , - , - , 3 , 2 , 2 , 3 , 2 , 4 , - , 3 , 20 , 4 , 525 , 2 , 14 , 1 , 17 , 10 , 44 , 50 , 46 , 42 , 69 , 86 , 144 ," 133,198 "," 1,569 "," 7,585 "," 49,079 "," 24,009 "," 4,062 ", 845 ," 4,270 "," 17,722 "," 6,388 "," 2,917 "," 5,398 "," 9,354 "," 25,191 "," 5,724 "," 1,451 "," 1,147 "," 1,806 "," 2,897 "," 1,782 "," 4,037 "," 6,347 "
전남,무안군, 10 , - , - , 1 , 1 , - , - , - , 2 , 1 , - , 2 , 3 , 273 , - , 23 , - , 3 , 4 , 4 , 8 , 19 , 10 , 26 , 50 , 126 ," 51,761 ", 505 ," 3,251 "," 18,251 "," 9,692 "," 1,811 ", 463 ," 1,609 "," 6,593 "," 2,312 "," 1,227 "," 2,165 "," 3,882 "," 8,846 "," 2,212 ", 574 , 459 , 548 , 926 , 588 ," 1,239 "," 2,300 "
전남,보성군, 4 , - , - , - , - , - , - , 1 , - , - , - , - , 3 , 103 , 4 , - , - , 1 , 8 , 1 , 1 , 5 , 6 , 12 , 13 , 52 ," 17,718 ", 55 ," 1,129 "," 5,215 "," 3,546 ", 821 , 120 , 458 ," 2,510 "," 1,319 ", 332 , 888 ," 1,325 "," 3,778 ", 887 , 184 , 142 , 271 , 405 , 141 , 655 ," 1,093 "
전남,순천시, 191 , - , 1 , - , 1 , - , - , 1 , 61 , 6 , 3 , 99 , 19 , 866 , 49 , 9 , 4 , 63 , 85 , 76 , 33 , 105 , 110 , 22 , 54 , 256 ," 164,479 ", 400 ," 6,891 "," 54,412 "," 32,526 "," 6,836 "," 1,680 "," 6,318 "," 25,376 "," 9,268 "," 3,195 "," 6,603 "," 10,974 "," 35,158 "," 6,586 "," 2,429 "," 1,632 "," 1,766 "," 2,979 "," 3,292 "," 8,172 "," 8,302 "
전남,신안군, 1 , - , - , - , - , - , - , - , - , 1 , - , - , - , 116 , 1 , 9 , 1 , 3 , - , 3 , 2 , 1 , 8 , 29 , 11 , 48 ," 9,580 ", 44 , 355 ," 2,581 "," 2,119 ", 466 , 47 , 378 ," 1,343 ", 401 , 409 , 698 , 739 ," 1,686 ", 409 , 118 , 55 , 115 , 135 , 60 , 337 , 457 
전남,여수시, 39 , - , - , 1 , 2 , 1 , - , 3 , 1 , 4 , 1 , 15 , 11 , 993 , 5 , 15 , 11 , 7 , 131 , 13 , 160 , 134 , 81 , 59 , 140 , 237 ," 146,930 ", 556 ," 7,202 "," 50,034 "," 28,487 "," 5,079 "," 1,542 "," 6,221 "," 24,838 "," 6,920 "," 2,582 "," 5,406 "," 8,063 "," 34,004 "," 5,909 "," 2,057 "," 1,327 "," 1,579 "," 2,520 "," 3,264 "," 9,221 "," 8,127 "
전남,영광군, 11 , - , - , - , - , - , - , 1 , 3 , - , - , 3 , 4 , 106 , 3 , 1 , 1 , 1 , 3 , - , 6 , 5 , 6 , 14 , 9 , 57 ," 24,117 ", 71 ," 1,069 "," 6,979 "," 4,943 "," 1,287 ", 177 ," 1,080 "," 3,337 "," 1,552 ", 503 ," 1,137 "," 1,982 "," 5,207 ", 946 , 367 , 310 , 709 , 573 , 303 , 717 ," 1,282 "
전남,영암군, 10 , - , - , - , - , 1 , - , 2 , - , 2 , 3 , - , 2 , 185 , 54 , 3 , 2 , 3 , 9 , 4 , 7 , 10 , 9 , 12 , 46 , 26 ," 23,429 ", 233 ," 1,659 "," 8,902 "," 4,504 ", 685 , 141 , 583 ," 2,574 "," 1,135 ", 529 , 781 ," 1,703 "," 4,225 "," 1,054 ", 212 , 112 , 188 , 470 , 338 , 790 ," 1,061 "
전남,완도군, 3 , - , - , - , - , - , - , - , 2 , - , - , - , 1 , 153 , 1 , 8 , - , 2 , 1 , - , 54 , 9 , 8 , 20 , 15 , 35 ," 19,336 ", 58 , 720 ," 6,438 "," 4,558 "," 1,153 ", 160 , 419 ," 2,454 ", 969 , 284 , 931 ," 1,192 "," 3,122 ", 725 , 167 , 146 , 125 , 220 , 272 , 726 , 741 
전남,장성군, 39 , - , - , - , - , - , - , - , 1 , 2 , 1 , 19 , 16 , 93 , 2 , 1 , 3 , 2 , 8 , 3 , 2 , 7 , 13 , 3 , 13 , 36 ," 19,474 ", 83 ," 1,242 "," 5,330 "," 3,552 "," 1,067 ", 160 ," 1,120 "," 3,042 "," 1,068 ", 554 , 930 ," 1,326 "," 3,507 ", 495 , 200 , 236 , 264 , 287 , 288 , 803 , 934 
전남,장흥군, 1 , - , - , - , - , - , - , - , 1 , - , - , - , - , 110 , - , 5 , 5 , 1 , - , 2 , 1 , 18 , 18 , 10 , 25 , 25 ," 16,551 ", 56 , 617 ," 5,330 "," 3,804 ", 792 , 123 , 565 ," 2,244 ", 651 , 237 , 954 ," 1,178 "," 3,741 ", 602 , 202 , 197 , 197 , 275 , 184 , 884 ," 1,200 "
전남,진도군, 8 , - , - , - , - , - , - , - , 5 , 1 , - , 1 , 1 , 77 , 2 , - , - , - , 1 , 2 , 1 , 42 , 1 , 7 , 8 , 13 ," 11,570 ", 150 , 472 ," 3,386 "," 2,509 ", 615 , 81 , 331 ," 1,693 ", 598 , 287 , 414 ," 1,034 "," 2,128 ", 549 , 212 , 111 , 84 , 241 , 117 , 298 , 516 
전남,함평군, 11 , - , - , - , - , - , - , 1 , - , 1 , 1 , 5 , 3 , 94 , 1 , 1 , 12 , 2 , 18 , 2 , - , 1 , 4 , 3 , 15 , 35 ," 12,805 ", 57 , 654 ," 4,074 "," 2,563 ", 453 , 96 , 436 ," 1,696 ", 812 , 334 , 656 , 974 ," 2,524 ", 635 , 136 , 176 , 208 , 244 , 137 , 343 , 645 
전남,해남군, 3 , - , - , - , - , - , - , - , - , - , 1 , 1 , 1 , 157 , 4 , 4 , 1 , 3 , 9 , - , 1 , 28 , 12 , 16 , 36 , 43 ," 28,922 ", 66 ," 1,258 "," 9,035 "," 6,781 "," 1,329 ", 241 , 835 ," 3,717 "," 1,633 ", 526 ," 1,078 "," 2,423 "," 6,173 "," 1,548 ", 347 , 204 , 536 , 455 , 418 , 947 ," 1,718 "
전남,화순군, 39 , - , - , 1 , - , - , - , - , 3 , 1 , - , 7 , 27 , 198 , 15 , 3 , 7 , 1 , 11 , 12 , 4 , 11 , 5 , 19 , 36 , 74 ," 33,317 ", 112 ," 2,232 "," 11,990 "," 5,604 "," 1,017 ", 185 , 910 ," 4,689 "," 1,892 ", 868 ," 1,577 "," 2,241 "," 7,123 "," 1,292 ", 519 , 419 , 540 , 652 , 481 ," 1,252 "," 1,968 "
경북,합계," 2,424 ", - , 472 , 828 , 65 , 14 , 10 , 12 , 54 , 96 , 36 , 117 , 720 ," 12,890 ", 593 , 236 , 250 , 606 , 582 , 257 , 507 ," 1,644 "," 1,223 "," 1,386 "," 1,559 "," 4,047 "," 1,311,392 "," 6,458 "," 76,391 "," 395,948 "," 220,034 "," 61,152 "," 16,748 "," 60,698 "," 185,147 "," 83,722 "," 43,326 "," 76,720 "," 85,048 "," 254,482 "," 52,198 "," 19,282 "," 15,374 "," 11,680 "," 18,185 "," 21,161 "," 49,690 "," 66,912 "
경북,경산시, 799 , - , 149 , 511 , 7 , 3 , 2 , - , 14 , 6 , 3 , 20 , 84 ," 1,994 ", 55 , 50 , 73 , 264 , 61 , 27 , 80 , 234 , 101 , 289 , 186 , 574 ," 149,474 ", 918 ," 9,571 "," 46,926 "," 22,439 "," 6,301 "," 1,874 "," 5,832 "," 20,731 "," 10,075 "," 4,687 "," 9,753 "," 10,367 "," 30,351 "," 5,918 "," 1,996 "," 1,770 "," 1,347 "," 2,608 "," 3,077 "," 5,539 "," 8,096 "
경북,경주시, 208 , - , 12 , 33 , 5 , - , 2 , 5 , 5 , 31 , 8 , 7 , 100 ," 1,553 ", 17 , 4 , 7 , 55 , 106 , 51 , 78 , 313 , 200 , 59 , 126 , 537 ," 113,860 ", 546 ," 7,425 "," 37,989 "," 16,576 "," 4,616 "," 1,331 "," 6,313 "," 14,720 "," 6,822 "," 4,017 "," 6,643 "," 6,862 "," 23,806 "," 4,729 "," 2,267 "," 1,298 "," 1,147 "," 1,620 "," 1,751 "," 5,136 "," 5,858 "
경북,고령군, 14 , - , 2 , 5 , 1 , - , 1 , - , 1 , 3 , - , - , 1 , 252 , 11 , - , 18 , 2 , 4 , 1 , 4 , 23 , 23 , 34 , 110 , 22 ," 11,388 ", 98 ," 1,354 "," 3,333 "," 1,336 ", 522 , 92 , 409 ," 1,789 ", 755 , 350 , 598 , 752 ," 2,461 ", 444 , 173 , 122 , 75 , 127 , 205 , 546 , 769 
경북,구미시, 238 , - , 15 , 51 , 1 , 9 , 1 , - , 5 , 2 , 8 , 3 , 143 ," 2,210 ", 121 , 9 , 47 , 112 , 60 , 39 , 100 , 325 , 300 , 316 , 249 , 532 ," 235,798 "," 1,143 "," 14,215 "," 62,587 "," 42,178 "," 12,440 "," 3,526 "," 12,394 "," 36,102 "," 16,167 "," 7,489 "," 12,191 "," 15,366 "," 43,929 "," 9,637 "," 3,219 "," 2,146 "," 1,723 "," 3,009 "," 3,517 "," 8,900 "," 11,778 "
경북,군위군, 9 , - , 5 , 1 , - , - , - , - , 1 , - , - , 1 , 1 , 59 , - , 10 , - , 1 , - , - , 1 , 1 , 2 , 4 , 18 , 22 ," 8,163 ", 61 , 627 ," 2,611 "," 1,331 ", 258 , 152 , 271 , 963 , 684 , 275 , 449 , 481 , 730 , 325 , 102 , 55 , 60 , 66 , 110 , 12 , - 
경북,김천시, 86 , - , 3 , 17 , - , - , - , - , 5 , - , 1 , 21 , 39 , 843 , 24 , - , 1 , 33 , 161 , 24 , 23 , 124 , 65 , 106 , 71 , 211 ," 69,278 ", 369 ," 4,172 "," 19,373 "," 12,098 "," 2,983 ", 640 ," 2,655 "," 10,804 "," 4,902 "," 2,294 "," 4,416 "," 4,572 "," 13,574 "," 3,001 ", 903 , 779 , 968 , 853 , 851 ," 2,419 "," 3,800 "
경북,문경시, 19 , - , 2 , 1 , 1 , - , - , - , 3 , 3 , 1 , 4 , 4 , 278 , - , - , 1 , 4 , 8 , 2 , 19 , 15 , 11 , 13 , 79 , 126 ," 34,779 ", 64 ," 1,902 "," 10,229 "," 5,719 "," 1,611 ", 297 ," 2,178 "," 4,756 "," 1,997 "," 1,480 "," 2,065 "," 2,481 "," 6,960 "," 1,542 ", 522 , 495 , 393 , 547 , 539 ," 1,151 "," 1,771 "
경북,봉화군, 69 , - , 1 , 67 , 1 , - , - , - , - , - , - , - , - , 62 , - , 1 , - , 2 , - , - , - , 2 , 7 , - , 25 , 25 ," 10,932 ", 24 , 507 ," 3,349 "," 1,764 ", 463 , 149 , 445 ," 1,696 ", 585 , 392 , 897 , 661 ," 2,055 ", 480 , 226 , 193 , 82 , 101 , 152 , 262 , 559 
경북,상주시, 54 , - , 12 , 2 , 8 , - , - , 1 , 2 , 2 , 3 , - , 24 , 273 , 56 , 3 , 10 , 5 , 13 , - , 12 , 17 , 25 , 14 , 18 , 100 ," 41,192 ", 122 ," 1,895 "," 12,507 "," 7,167 "," 1,780 ", 330 ," 2,358 "," 5,476 "," 2,836 "," 1,321 "," 2,120 "," 3,280 "," 8,447 "," 1,652 ", 610 , 526 , 506 , 537 , 530 ," 1,778 "," 2,308 "
경북,성주군, 21 , - , 10 , 8 , - , 1 , - , - , - , - , - , 1 , 1 , 227 , - , 2 , - , 2 , 3 , 8 , 2 , 5 , 38 , 43 , 79 , 45 ," 15,074 ", 106 , 756 ," 4,601 "," 2,427 ", 767 , 197 , 876 ," 2,532 "," 1,068 ", 295 , 675 , 774 ," 2,816 ", 440 , 199 , 107 , 133 , 200 , 182 , 621 , 934 
경북,안동시, 145 , - , 16 , 39 , 2 , - , - , 2 , - , - , - , 6 , 80 , 494 , 61 , 14 , 3 , 29 , 20 , 7 , 25 , 17 , 28 , 27 , 72 , 191 ," 81,644 ", 563 ," 4,374 "," 25,045 "," 13,193 "," 4,046 ", 873 ," 3,439 "," 9,978 "," 5,416 "," 3,289 "," 5,500 "," 5,928 "," 16,289 "," 3,126 "," 1,111 ", 979 , 751 ," 1,424 "," 1,242 "," 2,964 "," 4,692 "
경북,영덕군, 26 , - , - , 1 , - , - , - , - , 1 , 7 , - , 12 , 5 , 154 , 1 , - , 3 , 4 , 5 , 1 , 3 , 2 , 4 , 4 , 64 , 63 ," 15,386 ", 25 , 647 ," 5,137 "," 2,779 ", 637 , 102 , 430 ," 2,111 ", 995 , 426 ," 1,007 "," 1,090 "," 2,615 ", 592 , 153 , 111 , 152 , 279 , 138 , 562 , 628 
경북,영양군, 3 , - , - , 1 , - , - , - , - , - , - , - , - , 2 , 25 , - , - , - , 1 , - , 3 , 2 , 1 , 1 , 1 , 4 , 12 ," 5,912 ", 10 , 261 ," 1,629 "," 1,006 ", 339 , 79 , 510 , 753 , 327 , 133 , 471 , 394 , 996 , 223 , 95 , 85 , 28 , 92 , 70 , 162 , 241 
경북,영주시, 54 , - , 3 , 2 , - , - , - , 1 , - , - , - , 10 , 38 , 504 , 10 , 6 , 6 , 9 , 10 , 3 , 8 , 40 , 55 , 162 , 82 , 113 ," 53,445 ", 208 ," 4,436 "," 16,680 "," 7,963 "," 2,397 ", 511 ," 2,608 "," 7,680 "," 2,914 "," 1,856 "," 2,882 "," 3,310 "," 10,320 "," 1,939 ", 710 , 849 , 522 , 876 , 903 ," 1,735 "," 2,786 "
경북,영천시, 62 , - , 28 , 10 , - , - , 2 , 1 , 2 , 1 , 1 , 6 , 11 , 385 , 6 , 1 , 2 , 8 , 10 , 21 , 22 , 15 , 24 , 75 , 132 , 69 ," 46,255 ", 129 ," 2,719 "," 14,624 "," 7,143 "," 1,879 ", 808 ," 1,769 "," 6,074 "," 3,110 "," 1,685 "," 3,006 "," 3,309 "," 8,801 "," 1,913 ", 609 , 476 , 346 , 624 , 928 ," 1,240 "," 2,665 "
경북,예천군, 54 , - , 2 , 3 , 38 , 1 , - , - , 5 , 1 , - , - , 4 , 178 , 3 , 5 , 4 , - , 4 , 2 , 5 , 18 , 11 , 12 , 8 , 106 ," 27,804 ", 73 ," 1,379 "," 8,787 "," 4,377 "," 1,382 ", 489 ," 1,802 "," 3,416 "," 1,617 ", 883 ," 1,839 "," 1,760 "," 5,044 ", 951 , 478 , 386 , 259 , 278 , 428 , 931 ," 1,333 "
경북,울릉군, 1 , - , - , - , - , - , - , - , - , - , - , 1 , - , 16 , - , - , 2 , - , - , - , - , 3 , 7 , 1 , - , 3 ," 2,133 ", 1 , 54 , 709 , 542 , 110 , 13 , 70 , 298 , 90 , 20 , 146 , 80 , 207 , 24 , 5 , 3 , 3 , 32 , 36 , 66 , 38 
경북,울진군, 7 , - , - , 1 , - , - , - , - , - , - , - , 2 , 4 , 220 , - , 3 , 2 , - , 3 , 2 , 5 , 28 , 8 , 1 , 4 , 164 ," 20,336 ", 19 ," 1,052 "," 6,627 "," 4,000 ", 700 , 247 ," 1,016 "," 2,696 ", 934 , 620 ," 1,253 "," 1,172 "," 3,001 ", 864 , 268 , 168 , 109 , 154 , 222 , 459 , 757 
경북,의성군, 49 , - , 36 , 8 , - , - , - , - , 1 , - , - , - , 4 , 210 , - , 66 , 15 , 5 , - , 1 , 6 , 53 , 12 , 6 , 10 , 36 ," 19,615 ", 28 , 857 ," 5,176 "," 3,686 ", 904 , 171 , 773 ," 2,950 "," 1,271 ", 687 ," 1,252 "," 1,860 "," 3,889 ", 816 , 288 , 237 , 96 , 198 , 170 ," 1,055 "," 1,029 "
경북,청도군, 160 , - , 126 , 15 , - , - , - , - , 3 , 1 , - , 13 , 2 , 106 , 11 , 15 , - , 2 , 5 , 1 , 3 , 12 , 5 , 7 , 13 , 32 ," 16,578 ", 46 ," 1,050 "," 5,353 "," 2,567 ", 648 , 188 , 487 ," 2,523 "," 1,123 ", 345 , 916 ," 1,332 "," 3,057 ", 792 , 196 , 145 , 74 , 192 , 199 , 588 , 871 
경북,청송군, 37 , - , 2 , - , - , - , - , - , - , - , - , 2 , 33 , 41 , 6 , 1 , 5 , - , 9 , 4 , - , - , 2 , 1 , 1 , 12 ," 10,180 ", 53 , 454 ," 3,361 "," 1,806 ", 652 , 127 , 413 ," 1,348 ", 486 , 278 , 602 , 600 ," 1,457 ", 562 , 161 , 62 , 57 , 89 , 86 , 143 , 297 
경북,칠곡군, 63 , - , 27 , 23 , 1 , - , 1 , 1 , - , 1 , - , 1 , 8 , 575 , 19 , 5 , 8 , 17 , 42 , 4 , 24 , 40 , 80 , 127 , 83 , 126 ," 52,650 ", 380 ," 3,213 "," 14,055 "," 8,850 "," 2,256 ", 669 ," 2,081 "," 8,563 "," 4,151 "," 1,716 "," 3,098 "," 3,618 "," 10,962 "," 1,937 ", 805 , 602 , 393 , 782 ," 1,146 "," 2,211 "," 3,086 "
경북,포항시 남구, 121 , - , 8 , 10 , - , - , 1 , 1 , 1 , 14 , 6 , 3 , 77 ," 1,005 ", 62 , 11 , 18 , 16 , 36 , 42 , 56 , 166 , 117 , 44 , 54 , 383 ," 137,483 ", 773 ," 6,795 "," 43,913 "," 25,150 "," 7,408 "," 2,315 "," 6,431 "," 19,068 "," 7,086 "," 4,515 "," 6,928 "," 7,101 "," 26,903 "," 4,903 "," 2,177 "," 2,078 "," 1,272 "," 1,863 "," 2,475 "," 5,483 "," 6,652 "
경북,포항시 북구, 125 , - , 13 , 19 , - , - , - , - , 5 , 24 , 5 , 4 , 55 ," 1,226 ", 130 , 30 , 25 , 35 , 22 , 14 , 29 , 190 , 97 , 40 , 71 , 543 ," 132,033 ", 699 ," 6,676 "," 41,347 "," 23,937 "," 6,053 "," 1,568 "," 5,138 "," 18,120 "," 8,311 "," 4,273 "," 8,013 "," 7,898 "," 25,812 "," 5,388 "," 2,009 "," 1,702 "," 1,184 "," 1,634 "," 2,204 "," 5,727 "," 5,964 "
경남,합계," 1,325 ", - , 59 , 37 , 21 , 6 , 11 , 25 , 77 , 55 , 25 , 309 , 700 ," 19,351 ", 686 , 172 , 777 , 955 , 784 , 548 ," 1,956 "," 2,777 "," 1,480 "," 1,548 "," 2,007 "," 5,661 "," 1,712,297 "," 7,617 "," 112,330 "," 643,621 "," 248,148 "," 55,990 "," 15,316 "," 75,462 "," 221,631 "," 94,535 "," 39,301 "," 77,487 "," 120,859 "," 342,997 "," 74,991 "," 24,247 "," 14,505 "," 12,499 "," 26,036 "," 33,173 "," 74,589 "," 82,957 "
경남,거제시, 164 , - , 3 , 3 , 1 , 3 , 3 , 5 , 23 , 1 , 2 , 4 , 116 ," 1,476 ", 76 , 22 , 204 , 35 , 20 , 13 , 124 , 149 , 110 , 135 , 137 , 451 ," 126,253 ", 665 ," 7,843 "," 47,103 "," 21,379 "," 4,807 "," 1,058 "," 6,469 "," 14,913 "," 6,520 "," 2,766 "," 4,354 "," 8,376 "," 24,304 "," 5,855 "," 1,983 ", 840 , 676 ," 1,945 "," 3,119 "," 5,232 "," 4,654 "
경남,거창군, 22 , - , 10 , 10 , - , - , - , - , - , - , - , 1 , 1 , 206 , 2 , 2 , - , 3 , 12 , 6 , 6 , 39 , 19 , 31 , 13 , 73 ," 29,267 ", 89 ," 1,882 "," 10,918 "," 4,701 ", 981 , 222 , 898 ," 4,003 "," 1,933 ", 803 ," 1,287 "," 1,550 "," 4,605 ", 992 , 276 , 295 , 164 , 400 , 322 , 971 ," 1,185 "
경남,고성군, 7 , - , 1 , 1 , - , - , - , - , - , - , - , - , 5 , 254 , 2 , - , 1 , 8 , 4 , - , 24 , 35 , 29 , 5 , 65 , 81 ," 20,498 ", 54 ," 1,552 "," 7,447 "," 2,999 ", 659 , 144 , 690 ," 2,888 "," 1,095 ", 562 , 836 ," 1,572 "," 4,764 "," 1,006 ", 441 , 291 , 129 , 340 , 338 , 958 ," 1,261 "
경남,김해시, 149 , - , 6 , 2 , 2 , 1 , 3 , 6 , 18 , 10 , 5 , 8 , 88 ," 3,728 ", 82 , 41 , 27 , 224 , 213 , 159 , 572 , 731 , 337 , 347 , 309 , 686 ," 285,635 "," 1,316 "," 22,616 "," 106,488 "," 37,681 "," 8,806 "," 2,586 "," 12,857 "," 36,781 "," 15,708 "," 5,720 "," 13,586 "," 21,490 "," 59,452 "," 13,741 "," 4,236 "," 2,302 "," 1,899 "," 3,843 "," 5,543 "," 13,326 "," 14,562 "
경남,남해군, 3 , - , 1 , - , - , - , - , - , 1 , - , - , 1 , - , 126 , 3 , 4 , 17 , 2 , 2 , 20 , 15 , 20 , 4 , 4 , 9 , 26 ," 15,445 ", 40 , 821 ," 5,332 "," 2,526 ", 421 , 158 , 736 ," 2,365 ", 780 , 359 , 938 , 969 ," 3,067 ", 628 , 209 , 122 , 86 , 197 , 231 , 717 , 877 
경남,밀양시, 53 , - , 5 , 1 , - , - , - , - , 2 , 1 , - , 1 , 43 , 441 , 10 , 19 , 2 , 15 , 22 , 6 , 43 , 41 , 21 , 33 , 17 , 212 ," 46,825 ", 191 ," 2,362 "," 16,565 "," 7,546 "," 1,780 ", 348 ," 1,965 "," 6,664 "," 2,686 "," 1,118 "," 2,119 "," 3,481 "," 10,476 "," 2,372 ", 954 , 466 , 466 , 640 ," 1,020 "," 2,073 "," 2,485 "
경남,사천시, 75 , - , - , - , 3 , - , - , - , 1 , - , - , 29 , 42 , 717 , 29 , 2 , 9 , 116 , 117 , 9 , 23 , 28 , 20 , 29 , 125 , 210 ," 58,781 ", 139 ," 3,007 "," 19,900 "," 9,302 "," 2,248 ", 523 ," 2,571 "," 9,104 "," 3,403 "," 1,387 "," 3,282 "," 3,915 "," 12,385 "," 2,619 ", 786 , 532 , 561 ," 1,173 ", 887 ," 2,577 "," 3,250 "
경남,산청군, 22 , - , - , - , 1 , - , - , - , - , - , - , - , 21 , 84 , 5 , 2 , 1 , 10 , 4 , 2 , 11 , 13 , 2 , 1 , 6 , 27 ," 13,267 ", 38 , 533 ," 4,482 "," 2,435 ", 534 , 97 , 429 ," 1,976 ", 829 , 332 , 634 , 948 ," 2,602 ", 612 , 174 , 133 , 130 , 236 , 142 , 433 , 742 
경남,양산시, 78 , - , 2 , 1 , 1 , - , 4 , 4 , 7 , 7 , 1 , 7 , 44 ," 2,282 ", 94 , 20 , 10 , 97 , 110 , 70 , 126 , 135 , 240 , 170 , 244 , 966 ," 191,579 "," 1,466 "," 13,783 "," 74,329 "," 21,956 "," 5,337 "," 1,768 "," 10,295 "," 23,831 "," 9,260 "," 4,850 "," 10,365 "," 14,339 "," 37,060 "," 8,625 "," 2,535 "," 1,441 "," 1,113 "," 2,456 "," 3,898 "," 8,143 "," 8,849 "
경남,의령군, 3 , - , - , - , - , - , - , 1 , - , 2 , - , - , - , 73 , 1 , - , 1 , 3 , 1 , 1 , 5 , 23 , 3 , 3 , 1 , 31 ," 10,095 ", 7 , 482 ," 3,394 "," 1,703 ", 368 , 95 , 436 ," 1,492 ", 735 , 244 , 445 , 694 ," 2,237 ", 398 , 130 , 80 , 83 , 295 , 169 , 474 , 608 
경남,진주시, 205 , - , 2 , 1 , 7 , 2 , - , - , 3 , 3 , 1 , 74 , 112 ," 2,263 ", 187 , 13 , 425 , 302 , 131 , 54 , 123 , 170 , 114 , 77 , 100 , 567 ," 184,393 ", 594 ," 12,717 "," 70,948 "," 24,726 "," 6,259 "," 1,775 "," 6,823 "," 24,859 "," 10,570 "," 4,091 "," 9,093 "," 11,938 "," 35,825 "," 7,244 "," 2,425 "," 1,674 "," 1,765 "," 3,682 "," 3,215 "," 6,707 "," 9,113 "
경남,창녕군, 45 , - , 3 , 7 , - , - , - , 3 , 2 , 5 , - , - , 25 , 484 , 26 , 6 , 11 , 1 , 2 , 123 , 14 , 63 , 32 , 63 , 33 , 110 ," 24,709 ", 107 ," 1,910 "," 8,309 "," 3,768 ", 756 , 244 , 690 ," 3,532 "," 1,757 ", 606 ," 1,089 "," 1,941 "," 5,370 "," 1,122 ", 424 , 148 , 286 , 503 , 465 , 947 ," 1,475 "
경남,창원시 마산합포구, 104 , - , 2 , - , 3 , - , - , 2 , 8 , 6 , 2 , 45 , 36 ," 2,089 ", 49 , 8 , 13 , 41 , 30 , 21 , 191 , 421 , 157 , 247 , 369 , 542 ," 112,409 ", 307 ," 8,001 "," 49,922 "," 15,563 "," 3,017 ", 723 ," 3,483 "," 12,068 "," 5,777 "," 2,145 "," 4,511 "," 6,892 "," 18,376 "," 3,664 "," 1,135 ", 891 ," 1,009 "," 1,707 "," 1,745 "," 4,119 "," 4,106 "
경남,창원시 마산회원구, 11 , - , - , - , - , - , - , - , - , - , - , 6 , 5 , 146 , 10 , 1 , - , 5 , 5 , 6 , 20 , 23 , 11 , 15 , 15 , 35 ," 75,342 ", 33 ," 1,086 "," 22,602 "," 13,593 "," 3,072 ", 690 ," 3,608 "," 12,394 "," 5,444 "," 2,572 "," 3,976 "," 6,272 "," 18,968 "," 3,732 "," 1,246 ", 961 , 741 ," 1,470 "," 1,762 "," 4,343 "," 4,713 "
경남,창원시 성산구, 25 , - , 7 , 2 , - , - , - , - , 2 , 2 , - , 2 , 10 ," 1,976 ", 6 , 4 , 1 , 2 , 5 , 1 , 48 , 465 , 215 , 187 , 282 , 760 ," 164,171 "," 1,916 "," 17,892 "," 70,635 "," 18,644 "," 4,213 "," 1,225 "," 6,397 "," 17,285 "," 7,053 "," 3,322 "," 5,946 "," 9,643 "," 26,034 "," 5,726 "," 1,909 "," 1,070 ", 859 ," 1,889 "," 2,404 "," 5,911 "," 6,266 "
경남,창원시 의창구, 204 , - , 8 , 8 , 1 , - , - , - , 6 , 8 , 11 , 69 , 93 , 666 , 63 , 17 , 13 , 32 , 61 , 14 , 314 , 110 , 3 , 10 , 3 , 26 ," 117,499 ", 32 ," 1,044 "," 36,721 "," 22,428 "," 4,690 "," 1,303 "," 5,663 "," 17,878 "," 8,311 "," 3,266 "," 5,912 "," 10,251 "," 28,329 "," 5,786 "," 1,847 "," 1,198 "," 1,063 "," 1,919 "," 2,858 "," 6,504 "," 7,154 "
경남,창원시 진해구, 54 , - , - , - , 1 , - , - , 2 , 2 , 1 , - , 31 , 17 , 802 , 4 , 4 , 9 , 19 , 9 , 21 , 113 , 99 , 72 , 116 , 63 , 273 ," 105,415 ", 220 ," 5,915 "," 38,300 "," 16,792 "," 3,796 "," 1,372 "," 6,099 "," 13,002 "," 5,412 "," 2,481 "," 4,241 "," 7,785 "," 22,459 "," 4,822 "," 1,701 ", 955 , 666 ," 1,555 "," 2,193 "," 5,528 "," 5,039 "
경남,통영시, 12 , - , - , - , - , - , - , 1 , 2 , 2 , 2 , - , 5 , 540 , 3 , 4 , 18 , 13 , 14 , 5 , 58 , 74 , 8 , 18 , 64 , 261 ," 56,334 ", 204 ," 4,624 "," 22,790 "," 8,976 "," 1,866 ", 338 ," 2,663 "," 6,084 "," 2,643 ", 823 ," 1,665 "," 3,658 "," 12,541 "," 3,005 ", 896 , 461 , 242 , 838 ," 1,488 "," 2,766 "," 2,845 "
경남,하동군, 56 , - , - , - , - , - , - , - , - , - , - , 28 , 28 , 153 , 19 , 1 , 4 , 1 , 3 , 5 , 1 , 17 , 9 , 3 , 10 , 80 ," 16,356 ", 32 , 667 ," 5,556 "," 2,786 ", 541 , 163 , 622 ," 2,430 "," 1,051 ", 316 , 819 ," 1,373 "," 3,190 ", 678 , 163 , 102 , 169 , 188 , 258 , 624 ," 1,008 "
경남,함안군, 6 , - , - , 1 , - , - , - , 1 , - , 1 , - , - , 3 , 583 , 10 , 1 , 4 , 6 , 2 , 7 , 81 , 88 , 66 , 53 , 68 , 197 ," 26,424 ", 57 ," 1,673 "," 10,284 "," 3,834 ", 820 , 288 , 893 ," 3,517 "," 1,565 ", 793 ," 1,031 "," 1,669 "," 5,094 ", 964 , 421 , 318 , 200 , 405 , 515 ," 1,028 "," 1,243 "
경남,함양군, 7 , - , 1 , - , - , - , - , - , - , 6 , - , - , - , 158 , 5 , 1 , - , 1 , 13 , 1 , 36 , 20 , 1 , - , 73 , 7 ," 15,896 ", 28 , 967 ," 5,360 "," 2,955 ", 528 , 110 , 629 ," 2,060 "," 1,089 ", 438 , 641 ," 1,091 "," 2,657 ", 571 , 147 , 114 , 148 , 209 , 246 , 521 , 701 
경남,합천군, 20 , - , 8 , - , 1 , - , 1 , - , - , - , 1 , 3 , 6 , 104 , - , - , 7 , 19 , 4 , 4 , 8 , 13 , 7 , 1 , 1 , 40 ," 15,704 ", 82 , 953 ," 6,236 "," 1,855 ", 491 , 86 , 546 ," 2,505 ", 914 , 307 , 717 ," 1,012 "," 3,202 ", 829 , 209 , 111 , 44 , 146 , 355 , 687 , 821 
제주,합계, 416 , - , 2 , 7 , 4 , 2 , 4 , 7 , 19 , 14 , - , 21 , 336 ," 4,222 ", 106 , 48 , 55 , 82 , 323 , 234 , 468 , 870 , 273 , 225 , 604 , 934 ," 361,316 ", 784 ," 24,263 "," 134,557 "," 58,112 "," 12,560 "," 4,145 "," 30,800 "," 51,117 "," 12,741 "," 5,428 "," 9,611 "," 17,198 "," 85,568 "," 13,980 "," 5,677 "," 5,860 "," 4,091 "," 7,731 "," 11,471 "," 21,084 "," 15,674 "
제주,서귀포시, 70 , - , 1 , 1 , 1 , 1 , - , 1 , 10 , 9 , - , 7 , 39 , 943 , 14 , 8 , 10 , 25 , 55 , 38 , 134 , 98 , 93 , 52 , 187 , 229 ," 89,872 ", 192 ," 5,960 "," 33,620 "," 12,833 "," 3,056 "," 1,031 "," 8,208 "," 13,454 "," 3,341 "," 1,435 "," 2,678 "," 4,064 "," 23,340 "," 3,487 "," 1,538 "," 1,293 ", 973 ," 1,809 "," 3,936 "," 5,848 "," 4,456 "
제주,제주시, 346 , - , 1 , 6 , 3 , 1 , 4 , 6 , 9 , 5 , - , 14 , 297 ," 3,279 ", 92 , 40 , 45 , 57 , 268 , 196 , 334 , 772 , 180 , 173 , 417 , 705 ," 271,444 ", 592 ," 18,303 "," 100,937 "," 45,279 "," 9,504 "," 3,114 "," 22,592 "," 37,663 "," 9,400 "," 3,993 "," 6,933 "," 13,134 "," 62,228 "," 10,493 "," 4,139 "," 4,567 "," 3,118 "," 5,922 "," 7,535 "," 15,236 "," 11,218 "
검역,합계," 2,441 ", - , - , 217 , 229 , 88 , 190 , 462 , 168 , 157 , 255 , 362 , 313 ," 4,313 ", 285 , 244 , 188 , 310 , 376 , 372 ," 1,041 ", 579 , 255 , 191 , 167 , 305 ," 9,954 "," 1,896 "," 1,124 ", 887 , 339 , 155 , 145 , 613 , 866 , 888 , 930 , 996 ," 1,115 "," 2,184 ", 604 , 233 , 211 , 236 , 499 , 260 , 95 , 46 
